[2025-05-10 21:34:46,577] INFO - Flask va démarrer sur le port 3000
[2025-05-10 21:34:46,602] WARNING -  * Debugger is active!
[2025-05-10 21:34:46,615] INFO -  * Debugger PIN: 363-886-414
[2025-05-10 21:34:50,280] INFO - Requête reçue sur /shabbat
[2025-05-10 21:34:50,281] INFO - get_shabbat_times appelé avec start=2025-09-26, end=2025-12-31, geonameid=2988507
[2025-05-10 21:34:50,288] INFO - 14 vendredis trouvés entre 2025-09-26 et 2025-12-31
[2025-05-10 21:34:50,289] INFO - Traitement du Chabbat de 2025-09-26
[2025-05-10 21:34:50,797] INFO - Ajouté : OrderedDict({'date': '2025-09-26', 'parasha': 'Vayélèkh', 'allumage': '19:21', 'havdalah': '20:24'})
[2025-05-10 21:34:50,798] INFO - Traitement du Chabbat de 2025-10-03
[2025-05-10 21:34:51,266] INFO - Ajouté : OrderedDict({'date': '2025-10-03', 'parasha': 'Haazinou', 'allumage': '19:07', 'havdalah': '20:10'})
[2025-05-10 21:34:51,267] INFO - Traitement du Chabbat de 2025-10-10
[2025-05-10 21:34:51,724] INFO - Ajouté : OrderedDict({'date': '2025-10-10', 'parasha': 'Hol Hamoed Souccot', 'allumage': '18:52', 'havdalah': '19:55'})
[2025-05-10 21:34:51,744] INFO - Traitement du Chabbat de 2025-10-17
[2025-05-10 21:34:52,218] INFO - Ajouté : OrderedDict({'date': '2025-10-17', 'parasha': 'Berechit', 'allumage': '18:38', 'havdalah': '19:42'})
[2025-05-10 21:34:52,219] INFO - Traitement du Chabbat de 2025-10-24
[2025-05-10 21:34:52,678] INFO - Ajouté : OrderedDict({'date': '2025-10-24', 'parasha': "Noa'h", 'allumage': '18:25', 'havdalah': '19:30'})
[2025-05-10 21:34:52,679] INFO - Traitement du Chabbat de 2025-10-31
[2025-05-10 21:34:53,160] INFO - Ajouté : OrderedDict({'date': '2025-10-31', 'parasha': 'Lekh Lékha', 'allumage': '17:13', 'havdalah': '18:19'})
[2025-05-10 21:34:53,161] INFO - Traitement du Chabbat de 2025-11-07
[2025-05-10 21:34:53,622] INFO - Ajouté : OrderedDict({'date': '2025-11-07', 'parasha': 'Vayéra', 'allumage': '17:02', 'havdalah': '18:09'})
[2025-05-10 21:34:53,623] INFO - Traitement du Chabbat de 2025-11-14
[2025-05-10 21:34:54,098] INFO - Ajouté : OrderedDict({'date': '2025-11-14', 'parasha': 'Hayé Sarah', 'allumage': '16:53', 'havdalah': '18:01'})
[2025-05-10 21:34:54,100] INFO - Traitement du Chabbat de 2025-11-21
[2025-05-10 21:34:54,580] INFO - Ajouté : OrderedDict({'date': '2025-11-21', 'parasha': 'Toledot', 'allumage': '16:45', 'havdalah': '17:55'})
[2025-05-10 21:34:54,581] INFO - Traitement du Chabbat de 2025-11-28
[2025-05-10 21:34:55,028] INFO - Ajouté : OrderedDict({'date': '2025-11-28', 'parasha': 'Vayétsé', 'allumage': '16:40', 'havdalah': '17:50'})
[2025-05-10 21:34:55,028] INFO - Traitement du Chabbat de 2025-12-05
[2025-05-10 21:34:55,489] INFO - Ajouté : OrderedDict({'date': '2025-12-05', 'parasha': "Vayichla'h", 'allumage': '16:36', 'havdalah': '17:48'})
[2025-05-10 21:34:55,489] INFO - Traitement du Chabbat de 2025-12-12
[2025-05-10 21:34:55,959] INFO - Ajouté : OrderedDict({'date': '2025-12-12', 'parasha': 'Vayéchev', 'allumage': '16:35', 'havdalah': '17:48'})
[2025-05-10 21:34:55,960] INFO - Traitement du Chabbat de 2025-12-19
[2025-05-10 21:34:56,392] INFO - Ajouté : OrderedDict({'date': '2025-12-19', 'parasha': 'Mikets', 'allumage': '16:37', 'havdalah': '17:50'})
[2025-05-10 21:34:56,393] INFO - Traitement du Chabbat de 2025-12-26
[2025-05-10 21:34:56,842] INFO - Ajouté : OrderedDict({'date': '2025-12-26', 'parasha': 'Vayigach', 'allumage': '16:41', 'havdalah': '17:54'})
[2025-05-10 21:34:56,844] INFO - Fichier shabbat_data.json sauvegardé avec 14 entrées
[2025-05-10 21:34:56,847] INFO - 127.0.0.1 - - [10/May/2025 21:34:56] "GET /shabbat?ville=Paris&start=2025-09-26&end=2025-12-31&type=chabbat HTTP/1.1" 200 -
[2025-05-10 21:37:11,675] INFO -  * Detected change in 'D:\\Dropbox\\GitHub\\Agenda_Elodie\\app.py', reloading
[2025-05-10 21:37:16,980] INFO - Flask va démarrer sur le port 3000
[2025-05-10 21:37:17,014] WARNING -  * Debugger is active!
[2025-05-10 21:37:17,028] INFO -  * Debugger PIN: 363-886-414
[2025-05-10 21:37:42,569] INFO - Requête reçue sur /shabbat
[2025-05-10 21:37:42,570] INFO - get_shabbat_times appelé avec start=2025-09-26, end=2025-12-31, geonameid=2988507
[2025-05-10 21:37:42,579] INFO - 14 vendredis trouvés entre 2025-09-26 et 2025-12-31
[2025-05-10 21:37:42,580] INFO - Traitement du Chabbat de 2025-09-26
[2025-05-10 21:37:43,050] INFO - Ajouté : OrderedDict({'date': '2025-09-26', 'parasha': 'Vayélèkh', 'allumage': '19:21', 'havdalah': '20:24'})
[2025-05-10 21:37:43,050] INFO - Traitement du Chabbat de 2025-10-03
[2025-05-10 21:37:43,514] INFO - Ajouté : OrderedDict({'date': '2025-10-03', 'parasha': 'Haazinou', 'allumage': '19:07', 'havdalah': '20:10'})
[2025-05-10 21:37:43,515] INFO - Traitement du Chabbat de 2025-10-10
[2025-05-10 21:37:43,986] INFO - Ajouté : OrderedDict({'date': '2025-10-10', 'parasha': 'Hol Hamoed Souccot', 'allumage': '18:52', 'havdalah': '19:55'})
[2025-05-10 21:37:43,987] INFO - Traitement du Chabbat de 2025-10-17
[2025-05-10 21:37:44,440] INFO - Ajouté : OrderedDict({'date': '2025-10-17', 'parasha': 'Berechit', 'allumage': '18:38', 'havdalah': '19:42'})
[2025-05-10 21:37:44,443] INFO - Traitement du Chabbat de 2025-10-24
[2025-05-10 21:37:44,924] INFO - Ajouté : OrderedDict({'date': '2025-10-24', 'parasha': "Noa'h", 'allumage': '18:25', 'havdalah': '19:30'})
[2025-05-10 21:37:44,927] INFO - Traitement du Chabbat de 2025-10-31
[2025-05-10 21:37:45,385] INFO - Ajouté : OrderedDict({'date': '2025-10-31', 'parasha': 'Lekh Lékha', 'allumage': '17:13', 'havdalah': '18:19'})
[2025-05-10 21:37:45,403] INFO - Traitement du Chabbat de 2025-11-07
[2025-05-10 21:37:45,909] INFO - Ajouté : OrderedDict({'date': '2025-11-07', 'parasha': 'Vayéra', 'allumage': '17:02', 'havdalah': '18:09'})
[2025-05-10 21:37:45,915] INFO - Traitement du Chabbat de 2025-11-14
[2025-05-10 21:37:46,372] INFO - Ajouté : OrderedDict({'date': '2025-11-14', 'parasha': 'Hayé Sarah', 'allumage': '16:53', 'havdalah': '18:01'})
[2025-05-10 21:37:46,372] INFO - Traitement du Chabbat de 2025-11-21
[2025-05-10 21:37:46,854] INFO - Ajouté : OrderedDict({'date': '2025-11-21', 'parasha': 'Toledot', 'allumage': '16:45', 'havdalah': '17:55'})
[2025-05-10 21:37:46,855] INFO - Traitement du Chabbat de 2025-11-28
[2025-05-10 21:37:47,309] INFO - Ajouté : OrderedDict({'date': '2025-11-28', 'parasha': 'Vayétsé', 'allumage': '16:40', 'havdalah': '17:50'})
[2025-05-10 21:37:47,312] INFO - Traitement du Chabbat de 2025-12-05
[2025-05-10 21:37:47,784] INFO - Ajouté : OrderedDict({'date': '2025-12-05', 'parasha': "Vayichla'h", 'allumage': '16:36', 'havdalah': '17:48'})
[2025-05-10 21:37:47,784] INFO - Traitement du Chabbat de 2025-12-12
[2025-05-10 21:37:48,259] INFO - Ajouté : OrderedDict({'date': '2025-12-12', 'parasha': 'Vayéchev', 'allumage': '16:35', 'havdalah': '17:48'})
[2025-05-10 21:37:48,260] INFO - Traitement du Chabbat de 2025-12-19
[2025-05-10 21:37:48,699] INFO - Ajouté : OrderedDict({'date': '2025-12-19', 'parasha': 'Mikets', 'allumage': '16:37', 'havdalah': '17:50'})
[2025-05-10 21:37:48,700] INFO - Traitement du Chabbat de 2025-12-26
[2025-05-10 21:37:49,166] INFO - Ajouté : OrderedDict({'date': '2025-12-26', 'parasha': 'Vayigach', 'allumage': '16:41', 'havdalah': '17:54'})
[2025-05-10 21:37:49,168] INFO - Fichier shabbat_data.json sauvegardé avec 14 entrées
[2025-05-10 21:37:49,170] INFO - 127.0.0.1 - - [10/May/2025 21:37:49] "GET /shabbat?ville=Paris&start=2025-09-26&end=2025-12-31&type=chabbat HTTP/1.1" 200 -
[2025-05-10 21:38:18,525] INFO -  * Detected change in 'D:\\Dropbox\\GitHub\\Agenda_Elodie\\app.py', reloading
[2025-05-10 21:38:59,263] INFO - Flask va démarrer sur le port 3000
[2025-05-10 21:38:59,285] WARNING -  * Debugger is active!
[2025-05-10 21:38:59,299] INFO -  * Debugger PIN: 363-886-414
[2025-05-10 21:39:00,667] INFO -  * Detected change in 'D:\\Dropbox\\GitHub\\Agenda_Elodie\\app.py', reloading
[2025-05-10 21:39:08,326] INFO - Flask va démarrer sur le port 3000
[2025-05-10 21:39:08,349] WARNING -  * Debugger is active!
[2025-05-10 21:39:08,362] INFO -  * Debugger PIN: 363-886-414
[2025-05-10 21:39:14,242] INFO -  * Detected change in 'D:\\Dropbox\\GitHub\\Agenda_Elodie\\app.py', reloading
[2025-05-10 21:39:18,380] INFO - Flask va démarrer sur le port 3000
[2025-05-10 21:39:18,403] WARNING -  * Debugger is active!
[2025-05-10 21:39:18,416] INFO -  * Debugger PIN: 363-886-414
[2025-05-10 21:39:25,707] INFO - Requête reçue sur /shabbat
[2025-05-10 21:39:25,708] INFO - get_shabbat_times appelé avec start=2025-09-26, end=2025-12-31, geonameid=2988507
[2025-05-10 21:39:25,719] INFO - 14 vendredis trouvés entre 2025-09-26 et 2025-12-31
[2025-05-10 21:39:25,719] INFO - Traitement du Chabbat de 2025-09-26
[2025-05-10 21:39:26,202] INFO - Ajouté : OrderedDict({'date': '2025-09-26', 'parasha': 'Vayélèkh', 'allumage': '19:21', 'havdalah': '20:24'})
[2025-05-10 21:39:26,203] INFO - Traitement du Chabbat de 2025-10-03
[2025-05-10 21:39:26,665] INFO - Ajouté : OrderedDict({'date': '2025-10-03', 'parasha': 'Haazinou', 'allumage': '19:07', 'havdalah': '20:10'})
[2025-05-10 21:39:26,666] INFO - Traitement du Chabbat de 2025-10-10
[2025-05-10 21:39:27,128] INFO - Ajouté : OrderedDict({'date': '2025-10-10', 'parasha': 'Hol Hamoed Souccot', 'allumage': '18:52', 'havdalah': '19:55'})
[2025-05-10 21:39:27,152] INFO - Traitement du Chabbat de 2025-10-17
[2025-05-10 21:39:27,653] INFO - Ajouté : OrderedDict({'date': '2025-10-17', 'parasha': 'Berechit', 'allumage': '18:38', 'havdalah': '19:42'})
[2025-05-10 21:39:27,654] INFO - Traitement du Chabbat de 2025-10-24
[2025-05-10 21:39:28,127] INFO - Ajouté : OrderedDict({'date': '2025-10-24', 'parasha': "Noa'h", 'allumage': '18:25', 'havdalah': '19:30'})
[2025-05-10 21:39:28,130] INFO - Traitement du Chabbat de 2025-10-31
[2025-05-10 21:39:28,620] INFO - Ajouté : OrderedDict({'date': '2025-10-31', 'parasha': 'Lekh Lékha', 'allumage': '17:13', 'havdalah': '18:19'})
[2025-05-10 21:39:28,620] INFO - Traitement du Chabbat de 2025-11-07
[2025-05-10 21:39:29,086] INFO - Ajouté : OrderedDict({'date': '2025-11-07', 'parasha': 'Vayéra', 'allumage': '17:02', 'havdalah': '18:09'})
[2025-05-10 21:39:29,086] INFO - Traitement du Chabbat de 2025-11-14
[2025-05-10 21:39:29,533] INFO - Ajouté : OrderedDict({'date': '2025-11-14', 'parasha': 'Hayé Sarah', 'allumage': '16:53', 'havdalah': '18:01'})
[2025-05-10 21:39:29,534] INFO - Traitement du Chabbat de 2025-11-21
[2025-05-10 21:39:29,987] INFO - Ajouté : OrderedDict({'date': '2025-11-21', 'parasha': 'Toledot', 'allumage': '16:45', 'havdalah': '17:55'})
[2025-05-10 21:39:29,987] INFO - Traitement du Chabbat de 2025-11-28
[2025-05-10 21:39:30,468] INFO - Ajouté : OrderedDict({'date': '2025-11-28', 'parasha': 'Vayétsé', 'allumage': '16:40', 'havdalah': '17:50'})
[2025-05-10 21:39:30,469] INFO - Traitement du Chabbat de 2025-12-05
[2025-05-10 21:39:30,922] INFO - Ajouté : OrderedDict({'date': '2025-12-05', 'parasha': "Vayichla'h", 'allumage': '16:36', 'havdalah': '17:48'})
[2025-05-10 21:39:30,922] INFO - Traitement du Chabbat de 2025-12-12
[2025-05-10 21:39:31,391] INFO - Ajouté : OrderedDict({'date': '2025-12-12', 'parasha': 'Vayéchev', 'allumage': '16:35', 'havdalah': '17:48'})
[2025-05-10 21:39:31,391] INFO - Traitement du Chabbat de 2025-12-19
[2025-05-10 21:39:31,856] INFO - Ajouté : OrderedDict({'date': '2025-12-19', 'parasha': 'Mikets', 'allumage': '16:37', 'havdalah': '17:50'})
[2025-05-10 21:39:31,856] INFO - Traitement du Chabbat de 2025-12-26
[2025-05-10 21:39:32,326] INFO - Ajouté : OrderedDict({'date': '2025-12-26', 'parasha': 'Vayigach', 'allumage': '16:41', 'havdalah': '17:54'})
[2025-05-10 21:39:32,327] INFO - Fichier shabbat_data.json sauvegardé avec 14 entrées
[2025-05-10 21:39:32,332] INFO - 127.0.0.1 - - [10/May/2025 21:39:32] "GET /shabbat?ville=Paris&start=2025-09-26&end=2025-12-31&type=chabbat HTTP/1.1" 200 -
[2025-05-10 21:42:07,302] INFO -  * Detected change in 'D:\\Dropbox\\GitHub\\Agenda_Elodie\\app.py', reloading
[2025-05-10 21:42:16,858] INFO - Flask va démarrer sur le port 3000
[2025-05-10 21:42:16,912] WARNING -  * Debugger is active!
[2025-05-10 21:42:16,949] INFO -  * Debugger PIN: 363-886-414
[2025-05-10 21:47:17,457] INFO - Requête reçue sur /fetes
[2025-05-10 21:47:17,967] INFO - 45 événements récupérés entre 2025-09-26 et 2025-12-31
[2025-05-10 21:47:17,969] INFO - 127.0.0.1 - - [10/May/2025 21:47:17] "GET /fetes?ville=Paris&start=2025-09-26&end=2025-12-31&type=chabbat HTTP/1.1" 200 -
[2025-05-10 21:51:33,490] INFO -  * Detected change in 'D:\\Dropbox\\GitHub\\Agenda_Elodie\\app.py', reloading
[2025-05-10 21:51:40,540] INFO - Flask va démarrer sur le port 3000
[2025-05-10 21:51:40,563] WARNING -  * Debugger is active!
[2025-05-10 21:51:40,576] INFO -  * Debugger PIN: 363-886-414
[2025-05-10 21:51:42,355] INFO - Requête reçue sur /fetes
[2025-05-10 21:51:42,844] INFO - 21 fêtes juives trouvées entre 2025-09-26 et 2025-12-31
[2025-05-10 21:51:42,848] INFO - 127.0.0.1 - - [10/May/2025 21:51:42] "GET /fetes?ville=Paris&start=2025-09-26&end=2025-12-31&type=chabbat HTTP/1.1" 200 -
[2025-05-10 21:52:17,226] INFO - Requête reçue sur /fetes
[2025-05-10 21:52:17,726] INFO - 24 fêtes juives trouvées entre 2025-08-26 et 2025-12-31
[2025-05-10 21:52:17,761] INFO - 127.0.0.1 - - [10/May/2025 21:52:17] "GET /fetes?ville=Paris&start=2025-08-26&end=2025-12-31&type=chabbat HTTP/1.1" 200 -
[2025-05-10 21:52:37,330] INFO -  * Detected change in 'D:\\Dropbox\\GitHub\\Agenda_Elodie\\app.py', reloading
[2025-05-10 21:52:43,660] INFO - Flask va démarrer sur le port 3000
[2025-05-10 21:52:43,684] WARNING -  * Debugger is active!
[2025-05-10 21:52:43,696] INFO -  * Debugger PIN: 363-886-414
[2025-05-10 21:52:53,240] INFO - ▶ Requête reçue sur /fetes
[2025-05-10 21:52:53,241] INFO - 📅 Période demandée : 2025-08-26 ➡ 2025-12-31 | geonameid=2988507
[2025-05-10 21:52:53,247] INFO - 🌐 Requête vers Hebcal API...
[2025-05-10 21:52:53,710] INFO - ✅ 72 événements récupérés depuis Hebcal
[2025-05-10 21:52:53,710] INFO - 🎉 Fête trouvée : Erev Rosh Hashana (2025-09-22)
[2025-05-10 21:52:53,711] INFO - 🎉 Fête trouvée : Rosh Hashana 5786 (2025-09-23)
[2025-05-10 21:52:53,712] INFO - 🎉 Fête trouvée : Rosh Hashana II (2025-09-24)
[2025-05-10 21:52:53,713] INFO - 🎉 Fête trouvée : Erev Yom Kippur (2025-10-01)
[2025-05-10 21:52:53,714] INFO - 🎉 Fête trouvée : Yom Kippur (2025-10-02)
[2025-05-10 21:52:53,714] INFO - 🎉 Fête trouvée : Erev Sukkot (2025-10-06)
[2025-05-10 21:52:53,715] INFO - 🎉 Fête trouvée : Sukkot I (2025-10-07)
[2025-05-10 21:52:53,716] INFO - 🎉 Fête trouvée : Sukkot II (2025-10-08)
[2025-05-10 21:52:53,716] INFO - 🎉 Fête trouvée : Sukkot III (CH’’M) (2025-10-09)
[2025-05-10 21:52:53,717] INFO - 🎉 Fête trouvée : Sukkot IV (CH’’M) (2025-10-10)
[2025-05-10 21:52:53,719] INFO - 🎉 Fête trouvée : Sukkot V (CH’’M) (2025-10-11)
[2025-05-10 21:52:53,725] INFO - 🎉 Fête trouvée : Sukkot VI (CH’’M) (2025-10-12)
[2025-05-10 21:52:53,726] INFO - 🎉 Fête trouvée : Sukkot VII (Hoshana Raba) (2025-10-13)
[2025-05-10 21:52:53,728] INFO - 🎉 Fête trouvée : Shmini Atzeret (2025-10-14)
[2025-05-10 21:52:53,733] INFO - 🎉 Fête trouvée : Simchat Torah (2025-10-15)
[2025-05-10 21:52:53,739] INFO - 🎉 Fête trouvée : Sigd (2025-11-20)
[2025-05-10 21:52:53,741] INFO - 🎉 Fête trouvée : Chanukah: 1 Candle (2025-12-14)
[2025-05-10 21:52:53,744] INFO - 🎉 Fête trouvée : Chanukah: 2 Candles (2025-12-15)
[2025-05-10 21:52:53,746] INFO - 🎉 Fête trouvée : Chanukah: 3 Candles (2025-12-16)
[2025-05-10 21:52:53,750] INFO - 🎉 Fête trouvée : Chanukah: 4 Candles (2025-12-17)
[2025-05-10 21:52:53,758] INFO - 🎉 Fête trouvée : Chanukah: 5 Candles (2025-12-18)
[2025-05-10 21:52:53,761] INFO - 🎉 Fête trouvée : Chanukah: 6 Candles (2025-12-19)
[2025-05-10 21:52:53,763] INFO - 🎉 Fête trouvée : Chanukah: 7 Candles (2025-12-20)
[2025-05-10 21:52:53,764] INFO - 🎉 Fête trouvée : Chanukah: 8 Candles (2025-12-21)
[2025-05-10 21:52:53,765] INFO - 🕯 Allumage ajouté pour 2025-09-22: 19:30
[2025-05-10 21:52:53,766] INFO - 🕯 Allumage ajouté pour 2025-09-23: 20:36
[2025-05-10 21:52:53,767] INFO - 🔥 Havdalah ajouté pour 2025-09-24: 20:34
[2025-05-10 21:52:53,768] INFO - 🕯 Allumage ajouté pour 2025-10-01: 19:11
[2025-05-10 21:52:53,775] INFO - 🔥 Havdalah ajouté pour 2025-10-02: 20:17
[2025-05-10 21:52:53,776] INFO - 🕯 Allumage ajouté pour 2025-10-06: 19:00
[2025-05-10 21:52:53,777] INFO - 🕯 Allumage ajouté pour 2025-10-07: 20:07
[2025-05-10 21:52:53,778] INFO - 🔥 Havdalah ajouté pour 2025-10-08: 20:05
[2025-05-10 21:52:53,779] INFO - 🕯 Allumage ajouté pour 2025-10-10: 18:52
[2025-05-10 21:52:53,779] INFO - 🔥 Havdalah ajouté pour 2025-10-11: 19:59
[2025-05-10 21:52:53,781] INFO - 🕯 Allumage ajouté pour 2025-10-13: 18:46
[2025-05-10 21:52:53,781] INFO - 🕯 Allumage ajouté pour 2025-10-14: 19:53
[2025-05-10 21:52:53,782] INFO - 🔥 Havdalah ajouté pour 2025-10-15: 19:51
[2025-05-10 21:52:53,783] INFO - 🕯 Allumage ajouté pour 2025-12-19: 16:37
[2025-05-10 21:52:53,784] INFO - 🔥 Havdalah ajouté pour 2025-12-20: 17:46
[2025-05-10 21:52:53,784] INFO - 📦 Total des fêtes renvoyées : 24
[2025-05-10 21:52:53,785] INFO - 127.0.0.1 - - [10/May/2025 21:52:53] "GET /fetes?ville=Paris&start=2025-08-26&end=2025-12-31&type=chabbat HTTP/1.1" 200 -
[2025-05-10 21:53:33,148] INFO - ▶ Requête reçue sur /fetes
[2025-05-10 21:53:33,149] INFO - 📅 Période demandée : 2025-08-26 ➡ 2025-12-31 | geonameid=2988507
[2025-05-10 21:53:33,149] INFO - 🌐 Requête vers Hebcal API...
[2025-05-10 21:53:33,596] INFO - ✅ 72 événements récupérés depuis Hebcal
[2025-05-10 21:53:33,597] INFO - 🎉 Fête trouvée : Erev Rosh Hashana (2025-09-22)
[2025-05-10 21:53:33,598] INFO - 🎉 Fête trouvée : Rosh Hashana 5786 (2025-09-23)
[2025-05-10 21:53:33,598] INFO - 🎉 Fête trouvée : Rosh Hashana II (2025-09-24)
[2025-05-10 21:53:33,599] INFO - 🎉 Fête trouvée : Erev Yom Kippur (2025-10-01)
[2025-05-10 21:53:33,600] INFO - 🎉 Fête trouvée : Yom Kippur (2025-10-02)
[2025-05-10 21:53:33,600] INFO - 🎉 Fête trouvée : Erev Sukkot (2025-10-06)
[2025-05-10 21:53:33,601] INFO - 🎉 Fête trouvée : Sukkot I (2025-10-07)
[2025-05-10 21:53:33,601] INFO - 🎉 Fête trouvée : Sukkot II (2025-10-08)
[2025-05-10 21:53:33,601] INFO - 🎉 Fête trouvée : Sukkot III (CH’’M) (2025-10-09)
[2025-05-10 21:53:33,602] INFO - 🎉 Fête trouvée : Sukkot IV (CH’’M) (2025-10-10)
[2025-05-10 21:53:33,604] INFO - 🎉 Fête trouvée : Sukkot V (CH’’M) (2025-10-11)
[2025-05-10 21:53:33,607] INFO - 🎉 Fête trouvée : Sukkot VI (CH’’M) (2025-10-12)
[2025-05-10 21:53:33,608] INFO - 🎉 Fête trouvée : Sukkot VII (Hoshana Raba) (2025-10-13)
[2025-05-10 21:53:33,610] INFO - 🎉 Fête trouvée : Shmini Atzeret (2025-10-14)
[2025-05-10 21:53:33,610] INFO - 🎉 Fête trouvée : Simchat Torah (2025-10-15)
[2025-05-10 21:53:33,611] INFO - 🎉 Fête trouvée : Sigd (2025-11-20)
[2025-05-10 21:53:33,613] INFO - 🎉 Fête trouvée : Chanukah: 1 Candle (2025-12-14)
[2025-05-10 21:53:33,614] INFO - 🎉 Fête trouvée : Chanukah: 2 Candles (2025-12-15)
[2025-05-10 21:53:33,614] INFO - 🎉 Fête trouvée : Chanukah: 3 Candles (2025-12-16)
[2025-05-10 21:53:33,615] INFO - 🎉 Fête trouvée : Chanukah: 4 Candles (2025-12-17)
[2025-05-10 21:53:33,615] INFO - 🎉 Fête trouvée : Chanukah: 5 Candles (2025-12-18)
[2025-05-10 21:53:33,616] INFO - 🎉 Fête trouvée : Chanukah: 6 Candles (2025-12-19)
[2025-05-10 21:53:33,616] INFO - 🎉 Fête trouvée : Chanukah: 7 Candles (2025-12-20)
[2025-05-10 21:53:33,617] INFO - 🎉 Fête trouvée : Chanukah: 8 Candles (2025-12-21)
[2025-05-10 21:53:33,617] INFO - 🕯 Allumage ajouté pour 2025-09-22: 19:30
[2025-05-10 21:53:33,618] INFO - 🕯 Allumage ajouté pour 2025-09-23: 20:36
[2025-05-10 21:53:33,619] INFO - 🔥 Havdalah ajouté pour 2025-09-24: 20:34
[2025-05-10 21:53:33,626] INFO - 🕯 Allumage ajouté pour 2025-10-01: 19:11
[2025-05-10 21:53:33,628] INFO - 🔥 Havdalah ajouté pour 2025-10-02: 20:17
[2025-05-10 21:53:33,630] INFO - 🕯 Allumage ajouté pour 2025-10-06: 19:00
[2025-05-10 21:53:33,630] INFO - 🕯 Allumage ajouté pour 2025-10-07: 20:07
[2025-05-10 21:53:33,631] INFO - 🔥 Havdalah ajouté pour 2025-10-08: 20:05
[2025-05-10 21:53:33,632] INFO - 🕯 Allumage ajouté pour 2025-10-10: 18:52
[2025-05-10 21:53:33,633] INFO - 🔥 Havdalah ajouté pour 2025-10-11: 19:59
[2025-05-10 21:53:33,633] INFO - 🕯 Allumage ajouté pour 2025-10-13: 18:46
[2025-05-10 21:53:33,634] INFO - 🕯 Allumage ajouté pour 2025-10-14: 19:53
[2025-05-10 21:53:33,635] INFO - 🔥 Havdalah ajouté pour 2025-10-15: 19:51
[2025-05-10 21:53:33,641] INFO - 🕯 Allumage ajouté pour 2025-12-19: 16:37
[2025-05-10 21:53:33,643] INFO - 🔥 Havdalah ajouté pour 2025-12-20: 17:46
[2025-05-10 21:53:33,644] INFO - 📦 Total des fêtes renvoyées : 24
[2025-05-10 21:53:33,645] INFO - 127.0.0.1 - - [10/May/2025 21:53:33] "GET /fetes?ville=Paris&start=2025-08-26&end=2025-12-31 HTTP/1.1" 200 -
[2025-05-10 21:54:22,968] INFO - ▶ Requête reçue sur /fetes
[2025-05-10 21:54:22,970] INFO - 📅 Période demandée : 2025-08-26 ➡ 2025-12-31 | geonameid=2988507
[2025-05-10 21:54:22,973] INFO - 🌐 Requête vers Hebcal API...
[2025-05-10 21:54:23,451] INFO - ✅ 72 événements récupérés depuis Hebcal
[2025-05-10 21:54:59,745] INFO - 🎉 Fête trouvée : Erev Rosh Hashana (2025-09-22)
[2025-05-10 21:58:54,920] INFO - 🎉 Fête trouvée : Rosh Hashana 5786 (2025-09-23)
[2025-05-10 21:58:54,927] INFO - 🎉 Fête trouvée : Rosh Hashana II (2025-09-24)
[2025-05-10 21:58:54,927] INFO - 🎉 Fête trouvée : Erev Yom Kippur (2025-10-01)
[2025-05-10 21:58:54,928] INFO - 🎉 Fête trouvée : Yom Kippur (2025-10-02)
[2025-05-10 21:58:54,928] INFO - 🎉 Fête trouvée : Erev Sukkot (2025-10-06)
[2025-05-10 21:58:54,928] INFO - 🎉 Fête trouvée : Sukkot I (2025-10-07)
[2025-05-10 21:58:54,929] INFO - 🎉 Fête trouvée : Sukkot II (2025-10-08)
[2025-05-10 21:58:54,929] INFO - 🎉 Fête trouvée : Sukkot III (CH’’M) (2025-10-09)
[2025-05-10 21:58:54,930] INFO - 🎉 Fête trouvée : Sukkot IV (CH’’M) (2025-10-10)
[2025-05-10 21:58:54,930] INFO - 🎉 Fête trouvée : Sukkot V (CH’’M) (2025-10-11)
[2025-05-10 21:58:54,931] INFO - 🎉 Fête trouvée : Sukkot VI (CH’’M) (2025-10-12)
[2025-05-10 21:58:54,931] INFO - 🎉 Fête trouvée : Sukkot VII (Hoshana Raba) (2025-10-13)
[2025-05-10 21:58:54,931] INFO - 🎉 Fête trouvée : Shmini Atzeret (2025-10-14)
[2025-05-10 21:58:54,932] INFO - 🎉 Fête trouvée : Simchat Torah (2025-10-15)
[2025-05-10 21:58:54,932] INFO - 🎉 Fête trouvée : Sigd (2025-11-20)
[2025-05-10 21:58:54,933] INFO - 🎉 Fête trouvée : Chanukah: 1 Candle (2025-12-14)
[2025-05-10 21:58:54,934] INFO - 🎉 Fête trouvée : Chanukah: 2 Candles (2025-12-15)
[2025-05-10 21:58:54,935] INFO - 🎉 Fête trouvée : Chanukah: 3 Candles (2025-12-16)
[2025-05-10 21:58:54,935] INFO - 🎉 Fête trouvée : Chanukah: 4 Candles (2025-12-17)
[2025-05-10 21:58:54,937] INFO - 🎉 Fête trouvée : Chanukah: 5 Candles (2025-12-18)
[2025-05-10 21:58:54,968] INFO - 🎉 Fête trouvée : Chanukah: 6 Candles (2025-12-19)
[2025-05-10 21:58:54,969] INFO - 🎉 Fête trouvée : Chanukah: 7 Candles (2025-12-20)
[2025-05-10 21:58:55,001] INFO - 🎉 Fête trouvée : Chanukah: 8 Candles (2025-12-21)
[2025-05-10 21:58:55,014] INFO - 🕯 Allumage ajouté pour 2025-09-22: 19:30
[2025-05-10 21:58:55,075] INFO - 🕯 Allumage ajouté pour 2025-09-23: 20:36
[2025-05-10 21:58:55,118] INFO - 🔥 Havdalah ajouté pour 2025-09-24: 20:34
[2025-05-10 21:58:55,119] INFO - 🕯 Allumage ajouté pour 2025-10-01: 19:11
[2025-05-10 21:58:55,126] INFO - 🔥 Havdalah ajouté pour 2025-10-02: 20:17
[2025-05-10 21:58:55,129] INFO - 🕯 Allumage ajouté pour 2025-10-06: 19:00
[2025-05-10 21:58:55,131] INFO - 🕯 Allumage ajouté pour 2025-10-07: 20:07
[2025-05-10 21:58:55,204] INFO - 🔥 Havdalah ajouté pour 2025-10-08: 20:05
[2025-05-10 21:58:55,211] INFO - 🕯 Allumage ajouté pour 2025-10-10: 18:52
[2025-05-10 21:58:55,212] INFO - 🔥 Havdalah ajouté pour 2025-10-11: 19:59
[2025-05-10 21:58:55,213] INFO - 🕯 Allumage ajouté pour 2025-10-13: 18:46
[2025-05-10 21:58:55,214] INFO - 🕯 Allumage ajouté pour 2025-10-14: 19:53
[2025-05-10 21:58:55,215] INFO - 🔥 Havdalah ajouté pour 2025-10-15: 19:51
[2025-05-10 21:58:55,216] INFO - 🕯 Allumage ajouté pour 2025-12-19: 16:37
[2025-05-10 21:58:55,217] INFO - 🔥 Havdalah ajouté pour 2025-12-20: 17:46
[2025-05-10 21:58:55,218] INFO - 📦 Total des fêtes renvoyées : 24
[2025-05-10 21:58:55,227] INFO - 127.0.0.1 - - [10/May/2025 21:58:55] "GET /fetes?ville=Paris&start=2025-08-26&end=2025-12-31 HTTP/1.1" 200 -
[2025-05-10 22:00:23,233] INFO - ▶ Requête reçue sur /fetes
[2025-05-10 22:00:23,236] INFO - 📅 Période demandée : 2025-08-26 ➡ 2026-07-14 | geonameid=2988507
[2025-05-10 22:00:23,237] INFO - 🌐 Requête vers Hebcal API...
[2025-05-10 22:00:23,717] INFO - ✅ 159 événements récupérés depuis Hebcal
[2025-05-10 22:00:23,718] INFO - 🎉 Fête trouvée : Erev Rosh Hashana (2025-09-22)
[2025-05-10 22:00:23,719] INFO - 🎉 Fête trouvée : Rosh Hashana 5786 (2025-09-23)
[2025-05-10 22:00:23,720] INFO - 🎉 Fête trouvée : Rosh Hashana II (2025-09-24)
[2025-05-10 22:00:23,720] INFO - 🎉 Fête trouvée : Erev Yom Kippur (2025-10-01)
[2025-05-10 22:00:23,720] INFO - 🎉 Fête trouvée : Yom Kippur (2025-10-02)
[2025-05-10 22:00:23,721] INFO - 🎉 Fête trouvée : Erev Sukkot (2025-10-06)
[2025-05-10 22:00:23,721] INFO - 🎉 Fête trouvée : Sukkot I (2025-10-07)
[2025-05-10 22:00:23,721] INFO - 🎉 Fête trouvée : Sukkot II (2025-10-08)
[2025-05-10 22:00:23,722] INFO - 🎉 Fête trouvée : Sukkot III (CH’’M) (2025-10-09)
[2025-05-10 22:00:23,722] INFO - 🎉 Fête trouvée : Sukkot IV (CH’’M) (2025-10-10)
[2025-05-10 22:00:23,723] INFO - 🎉 Fête trouvée : Sukkot V (CH’’M) (2025-10-11)
[2025-05-10 22:00:23,723] INFO - 🎉 Fête trouvée : Sukkot VI (CH’’M) (2025-10-12)
[2025-05-10 22:00:23,724] INFO - 🎉 Fête trouvée : Sukkot VII (Hoshana Raba) (2025-10-13)
[2025-05-10 22:00:23,724] INFO - 🎉 Fête trouvée : Shmini Atzeret (2025-10-14)
[2025-05-10 22:00:23,724] INFO - 🎉 Fête trouvée : Simchat Torah (2025-10-15)
[2025-05-10 22:00:23,725] INFO - 🎉 Fête trouvée : Sigd (2025-11-20)
[2025-05-10 22:00:23,725] INFO - 🎉 Fête trouvée : Chanukah: 1 Candle (2025-12-14)
[2025-05-10 22:00:23,725] INFO - 🎉 Fête trouvée : Chanukah: 2 Candles (2025-12-15)
[2025-05-10 22:00:23,726] INFO - 🎉 Fête trouvée : Chanukah: 3 Candles (2025-12-16)
[2025-05-10 22:00:23,726] INFO - 🎉 Fête trouvée : Chanukah: 4 Candles (2025-12-17)
[2025-05-10 22:00:23,727] INFO - 🎉 Fête trouvée : Chanukah: 5 Candles (2025-12-18)
[2025-05-10 22:00:23,727] INFO - 🎉 Fête trouvée : Chanukah: 6 Candles (2025-12-19)
[2025-05-10 22:00:23,727] INFO - 🎉 Fête trouvée : Chanukah: 7 Candles (2025-12-20)
[2025-05-10 22:00:23,728] INFO - 🎉 Fête trouvée : Chanukah: 8 Candles (2025-12-21)
[2025-05-10 22:00:23,728] INFO - 🎉 Fête trouvée : Erev Purim (2026-03-02)
[2025-05-10 22:00:23,730] INFO - 🎉 Fête trouvée : Purim (2026-03-03)
[2025-05-10 22:00:23,732] INFO - 🎉 Fête trouvée : Yom HaAliyah (2026-03-28)
[2025-05-10 22:00:23,732] INFO - 🎉 Fête trouvée : Erev Pesach (2026-04-01)
[2025-05-10 22:00:23,733] INFO - 🎉 Fête trouvée : Pesach I (2026-04-02)
[2025-05-10 22:00:23,735] INFO - 🎉 Fête trouvée : Pesach II (2026-04-03)
[2025-05-10 22:00:23,735] INFO - 🎉 Fête trouvée : Pesach III (CH’’M) (2026-04-04)
[2025-05-10 22:00:23,736] INFO - 🎉 Fête trouvée : Pesach IV (CH’’M) (2026-04-05)
[2025-05-10 22:00:23,736] INFO - 🎉 Fête trouvée : Pesach V (CH’’M) (2026-04-06)
[2025-05-10 22:00:23,737] INFO - 🎉 Fête trouvée : Pesach VI (CH’’M) (2026-04-07)
[2025-05-10 22:00:23,738] INFO - 🎉 Fête trouvée : Pesach VII (2026-04-08)
[2025-05-10 22:00:23,739] INFO - 🎉 Fête trouvée : Pesach VIII (2026-04-09)
[2025-05-10 22:00:23,739] INFO - 🎉 Fête trouvée : Yom HaShoah (2026-04-14)
[2025-05-10 22:00:23,740] INFO - 🎉 Fête trouvée : Yom HaZikaron (2026-04-21)
[2025-05-10 22:00:23,740] INFO - 🎉 Fête trouvée : Yom HaAtzma’ut (2026-04-22)
[2025-05-10 22:00:23,741] INFO - 🎉 Fête trouvée : Yom Yerushalayim (2026-05-15)
[2025-05-10 22:00:23,741] INFO - 🎉 Fête trouvée : Erev Shavuot (2026-05-21)
[2025-05-10 22:00:23,742] INFO - 🎉 Fête trouvée : Shavuot I (2026-05-22)
[2025-05-10 22:00:23,742] INFO - 🎉 Fête trouvée : Shavuot II (2026-05-23)
[2025-05-10 22:00:23,743] INFO - 🕯 Allumage ajouté pour 2025-09-22: 19:30
[2025-05-10 22:00:23,744] INFO - 🕯 Allumage ajouté pour 2025-09-23: 20:36
[2025-05-10 22:00:23,744] INFO - 🔥 Havdalah ajouté pour 2025-09-24: 20:34
[2025-05-10 22:00:23,745] INFO - 🕯 Allumage ajouté pour 2025-10-01: 19:11
[2025-05-10 22:00:23,745] INFO - 🔥 Havdalah ajouté pour 2025-10-02: 20:17
[2025-05-10 22:00:23,748] INFO - 🕯 Allumage ajouté pour 2025-10-06: 19:00
[2025-05-10 22:00:23,748] INFO - 🕯 Allumage ajouté pour 2025-10-07: 20:07
[2025-05-10 22:00:23,749] INFO - 🔥 Havdalah ajouté pour 2025-10-08: 20:05
[2025-05-10 22:00:23,750] INFO - 🕯 Allumage ajouté pour 2025-10-10: 18:52
[2025-05-10 22:00:23,751] INFO - 🔥 Havdalah ajouté pour 2025-10-11: 19:59
[2025-05-10 22:00:23,751] INFO - 🕯 Allumage ajouté pour 2025-10-13: 18:46
[2025-05-10 22:00:23,752] INFO - 🕯 Allumage ajouté pour 2025-10-14: 19:53
[2025-05-10 22:00:23,753] INFO - 🔥 Havdalah ajouté pour 2025-10-15: 19:51
[2025-05-10 22:00:23,754] INFO - 🕯 Allumage ajouté pour 2025-12-19: 16:37
[2025-05-10 22:00:23,754] INFO - 🔥 Havdalah ajouté pour 2025-12-20: 17:46
[2025-05-10 22:00:23,755] INFO - 🔥 Havdalah ajouté pour 2026-03-28: 20:05
[2025-05-10 22:00:23,756] INFO - 🕯 Allumage ajouté pour 2026-04-01: 20:03
[2025-05-10 22:00:23,756] INFO - 🕯 Allumage ajouté pour 2026-04-02: 21:13
[2025-05-10 22:00:23,757] INFO - 🕯 Allumage ajouté pour 2026-04-03: 20:06
[2025-05-10 22:00:23,757] INFO - 🔥 Havdalah ajouté pour 2026-04-04: 21:16
[2025-05-10 22:00:23,758] INFO - 🕯 Allumage ajouté pour 2026-04-07: 20:12
[2025-05-10 22:00:23,758] INFO - 🕯 Allumage ajouté pour 2026-04-08: 21:22
[2025-05-10 22:00:23,759] INFO - 🔥 Havdalah ajouté pour 2026-04-09: 21:23
[2025-05-10 22:00:23,760] INFO - 🕯 Allumage ajouté pour 2026-05-15: 21:07
[2025-05-10 22:00:23,760] INFO - 🕯 Allumage ajouté pour 2026-05-21: 21:15
[2025-05-10 22:00:23,761] INFO - 🕯 Allumage ajouté pour 2026-05-22: 21:16
[2025-05-10 22:00:23,761] INFO - 🔥 Havdalah ajouté pour 2026-05-23: 22:26
[2025-05-10 22:00:23,762] INFO - 📦 Total des fêtes renvoyées : 43
[2025-05-10 22:00:23,764] INFO - 127.0.0.1 - - [10/May/2025 22:00:23] "GET /fetes?ville=Paris&start=2025-08-26&end=2026-07-14 HTTP/1.1" 200 -
[2025-05-10 22:02:51,261] INFO -  * Detected change in 'D:\\Dropbox\\GitHub\\Agenda_Elodie\\app.py', reloading
[2025-05-10 22:03:03,770] INFO - Flask va démarrer sur le port 3000
[2025-05-10 22:03:03,793] WARNING -  * Debugger is active!
[2025-05-10 22:03:03,805] INFO -  * Debugger PIN: 363-886-414
[2025-05-10 22:03:10,744] INFO -  * Detected change in 'D:\\Dropbox\\GitHub\\Agenda_Elodie\\app.py', reloading
[2025-05-10 22:03:15,590] INFO - Flask va démarrer sur le port 3000
[2025-05-10 22:03:15,623] WARNING -  * Debugger is active!
[2025-05-10 22:03:15,643] INFO -  * Debugger PIN: 363-886-414
[2025-05-10 22:03:24,937] INFO - ▶ Requête reçue sur /fetes
[2025-05-10 22:03:24,937] INFO - 📅 Période demandée : 2025-08-26 ➡ 2026-07-14 | geonameid=2988507
[2025-05-10 22:03:24,945] INFO - 🌐 Requête vers Hebcal API...
[2025-05-10 22:03:25,418] INFO - ✅ 159 événements récupérés depuis Hebcal
[2025-05-10 22:03:25,419] INFO - 🎉 Fête ou jeûne trouvé : Erev Rosh Hashana (2025-09-22)
[2025-05-10 22:03:25,420] INFO - 🎉 Fête ou jeûne trouvé : Rosh Hashana 5786 (2025-09-23)
[2025-05-10 22:03:25,422] INFO - 🎉 Fête ou jeûne trouvé : Rosh Hashana II (2025-09-24)
[2025-05-10 22:03:25,422] INFO - 🎉 Fête ou jeûne trouvé : Erev Yom Kippur (2025-10-01)
[2025-05-10 22:03:25,423] INFO - 🎉 Fête ou jeûne trouvé : Yom Kippur (2025-10-02)
[2025-05-10 22:03:25,423] INFO - 🎉 Fête ou jeûne trouvé : Erev Sukkot (2025-10-06)
[2025-05-10 22:03:25,424] INFO - 🎉 Fête ou jeûne trouvé : Sukkot I (2025-10-07)
[2025-05-10 22:03:25,424] INFO - 🎉 Fête ou jeûne trouvé : Sukkot II (2025-10-08)
[2025-05-10 22:03:25,425] INFO - 🎉 Fête ou jeûne trouvé : Sukkot III (CH’’M) (2025-10-09)
[2025-05-10 22:03:25,425] INFO - 🎉 Fête ou jeûne trouvé : Sukkot IV (CH’’M) (2025-10-10)
[2025-05-10 22:03:25,426] INFO - 🎉 Fête ou jeûne trouvé : Sukkot V (CH’’M) (2025-10-11)
[2025-05-10 22:03:25,426] INFO - 🎉 Fête ou jeûne trouvé : Sukkot VI (CH’’M) (2025-10-12)
[2025-05-10 22:03:25,427] INFO - 🎉 Fête ou jeûne trouvé : Sukkot VII (Hoshana Raba) (2025-10-13)
[2025-05-10 22:03:25,428] INFO - 🎉 Fête ou jeûne trouvé : Shmini Atzeret (2025-10-14)
[2025-05-10 22:03:25,430] INFO - 🎉 Fête ou jeûne trouvé : Simchat Torah (2025-10-15)
[2025-05-10 22:03:25,439] INFO - 🎉 Fête ou jeûne trouvé : Sigd (2025-11-20)
[2025-05-10 22:03:25,440] INFO - 🎉 Fête ou jeûne trouvé : Chanukah: 1 Candle (2025-12-14)
[2025-05-10 22:03:25,441] INFO - 🎉 Fête ou jeûne trouvé : Chanukah: 2 Candles (2025-12-15)
[2025-05-10 22:03:25,442] INFO - 🎉 Fête ou jeûne trouvé : Chanukah: 3 Candles (2025-12-16)
[2025-05-10 22:03:25,442] INFO - 🎉 Fête ou jeûne trouvé : Chanukah: 4 Candles (2025-12-17)
[2025-05-10 22:03:25,443] INFO - 🎉 Fête ou jeûne trouvé : Chanukah: 5 Candles (2025-12-18)
[2025-05-10 22:03:25,444] INFO - 🎉 Fête ou jeûne trouvé : Chanukah: 6 Candles (2025-12-19)
[2025-05-10 22:03:25,444] INFO - 🎉 Fête ou jeûne trouvé : Chanukah: 7 Candles (2025-12-20)
[2025-05-10 22:03:25,445] INFO - 🎉 Fête ou jeûne trouvé : Chanukah: 8 Candles (2025-12-21)
[2025-05-10 22:03:25,445] INFO - 🎉 Fête ou jeûne trouvé : Erev Purim (2026-03-02)
[2025-05-10 22:03:25,446] INFO - 🎉 Fête ou jeûne trouvé : Purim (2026-03-03)
[2025-05-10 22:03:25,446] INFO - 🎉 Fête ou jeûne trouvé : Yom HaAliyah (2026-03-28)
[2025-05-10 22:03:25,447] INFO - 🎉 Fête ou jeûne trouvé : Erev Pesach (2026-04-01)
[2025-05-10 22:03:25,448] INFO - 🎉 Fête ou jeûne trouvé : Pesach I (2026-04-02)
[2025-05-10 22:03:25,453] INFO - 🎉 Fête ou jeûne trouvé : Pesach II (2026-04-03)
[2025-05-10 22:03:25,455] INFO - 🎉 Fête ou jeûne trouvé : Pesach III (CH’’M) (2026-04-04)
[2025-05-10 22:03:25,455] INFO - 🎉 Fête ou jeûne trouvé : Pesach IV (CH’’M) (2026-04-05)
[2025-05-10 22:03:25,456] INFO - 🎉 Fête ou jeûne trouvé : Pesach V (CH’’M) (2026-04-06)
[2025-05-10 22:03:25,456] INFO - 🎉 Fête ou jeûne trouvé : Pesach VI (CH’’M) (2026-04-07)
[2025-05-10 22:03:25,457] INFO - 🎉 Fête ou jeûne trouvé : Pesach VII (2026-04-08)
[2025-05-10 22:03:25,457] INFO - 🎉 Fête ou jeûne trouvé : Pesach VIII (2026-04-09)
[2025-05-10 22:03:25,458] INFO - 🎉 Fête ou jeûne trouvé : Yom HaShoah (2026-04-14)
[2025-05-10 22:03:25,458] INFO - 🎉 Fête ou jeûne trouvé : Yom HaZikaron (2026-04-21)
[2025-05-10 22:03:25,459] INFO - 🎉 Fête ou jeûne trouvé : Yom HaAtzma’ut (2026-04-22)
[2025-05-10 22:03:25,459] INFO - 🎉 Fête ou jeûne trouvé : Yom Yerushalayim (2026-05-15)
[2025-05-10 22:03:25,460] INFO - 🎉 Fête ou jeûne trouvé : Erev Shavuot (2026-05-21)
[2025-05-10 22:03:25,460] INFO - 🎉 Fête ou jeûne trouvé : Shavuot I (2026-05-22)
[2025-05-10 22:03:25,461] INFO - 🎉 Fête ou jeûne trouvé : Shavuot II (2026-05-23)
[2025-05-10 22:03:25,462] INFO - 🕯 Allumage ajouté pour 2025-09-22: 19:30
[2025-05-10 22:03:25,462] INFO - 🕯 Allumage ajouté pour 2025-09-23: 20:36
[2025-05-10 22:03:25,464] INFO - 🔥 Havdalah ajouté pour 2025-09-24: 20:34
[2025-05-10 22:03:25,464] INFO - 🕯 Allumage ajouté pour 2025-10-01: 19:11
[2025-05-10 22:03:25,469] INFO - 🔥 Havdalah ajouté pour 2025-10-02: 20:17
[2025-05-10 22:03:25,471] INFO - 🕯 Allumage ajouté pour 2025-10-06: 19:00
[2025-05-10 22:03:25,472] INFO - 🕯 Allumage ajouté pour 2025-10-07: 20:07
[2025-05-10 22:03:25,472] INFO - 🔥 Havdalah ajouté pour 2025-10-08: 20:05
[2025-05-10 22:03:25,473] INFO - 🕯 Allumage ajouté pour 2025-10-10: 18:52
[2025-05-10 22:03:25,473] INFO - 🔥 Havdalah ajouté pour 2025-10-11: 19:59
[2025-05-10 22:03:25,474] INFO - 🕯 Allumage ajouté pour 2025-10-13: 18:46
[2025-05-10 22:03:25,475] INFO - 🕯 Allumage ajouté pour 2025-10-14: 19:53
[2025-05-10 22:03:25,475] INFO - 🔥 Havdalah ajouté pour 2025-10-15: 19:51
[2025-05-10 22:03:25,476] INFO - 🕯 Allumage ajouté pour 2025-12-19: 16:37
[2025-05-10 22:03:25,477] INFO - 🔥 Havdalah ajouté pour 2025-12-20: 17:46
[2025-05-10 22:03:25,478] INFO - 🔥 Havdalah ajouté pour 2026-03-28: 20:05
[2025-05-10 22:03:25,478] INFO - 🕯 Allumage ajouté pour 2026-04-01: 20:03
[2025-05-10 22:03:25,479] INFO - 🕯 Allumage ajouté pour 2026-04-02: 21:13
[2025-05-10 22:03:25,480] INFO - 🕯 Allumage ajouté pour 2026-04-03: 20:06
[2025-05-10 22:03:25,481] INFO - 🔥 Havdalah ajouté pour 2026-04-04: 21:16
[2025-05-10 22:03:25,487] INFO - 🕯 Allumage ajouté pour 2026-04-07: 20:12
[2025-05-10 22:03:25,488] INFO - 🕯 Allumage ajouté pour 2026-04-08: 21:22
[2025-05-10 22:03:25,489] INFO - 🔥 Havdalah ajouté pour 2026-04-09: 21:23
[2025-05-10 22:03:25,490] INFO - 🕯 Allumage ajouté pour 2026-05-15: 21:07
[2025-05-10 22:03:25,491] INFO - 🕯 Allumage ajouté pour 2026-05-21: 21:15
[2025-05-10 22:03:25,491] INFO - 🕯 Allumage ajouté pour 2026-05-22: 21:16
[2025-05-10 22:03:25,492] INFO - 🔥 Havdalah ajouté pour 2026-05-23: 22:26
[2025-05-10 22:03:25,492] INFO - 📦 Total fêtes/jeûnes renvoyés : 43
[2025-05-10 22:03:25,494] INFO - 127.0.0.1 - - [10/May/2025 22:03:25] "GET /fetes?ville=Paris&start=2025-08-26&end=2026-07-14 HTTP/1.1" 200 -
[2025-05-10 22:03:30,361] INFO -  * Detected change in 'D:\\Dropbox\\GitHub\\Agenda_Elodie\\app.py', reloading
[2025-05-10 22:03:37,471] INFO - Flask va démarrer sur le port 3000
[2025-05-10 22:03:37,514] WARNING -  * Debugger is active!
[2025-05-10 22:03:37,539] INFO -  * Debugger PIN: 363-886-414
[2025-05-10 22:03:37,954] INFO - ▶ Requête reçue sur /fetes
[2025-05-10 22:03:37,955] INFO - 📅 Période demandée : 2025-08-26 ➡ 2026-07-14 | geonameid=2988507
[2025-05-10 22:03:37,964] INFO - 🌐 Requête vers Hebcal API...
[2025-05-10 22:03:38,411] INFO - ✅ 159 événements récupérés depuis Hebcal
[2025-05-10 22:03:38,411] INFO - 🎉 Fête ou jeûne trouvé : Erev Rosh Hashana (2025-09-22)
[2025-05-10 22:03:38,412] INFO - 🎉 Fête ou jeûne trouvé : Rosh Hashana 5786 (2025-09-23)
[2025-05-10 22:03:38,412] INFO - 🎉 Fête ou jeûne trouvé : Rosh Hashana II (2025-09-24)
[2025-05-10 22:03:38,413] INFO - 🎉 Fête ou jeûne trouvé : Erev Yom Kippur (2025-10-01)
[2025-05-10 22:03:38,414] INFO - 🎉 Fête ou jeûne trouvé : Yom Kippur (2025-10-02)
[2025-05-10 22:03:38,414] INFO - 🎉 Fête ou jeûne trouvé : Erev Sukkot (2025-10-06)
[2025-05-10 22:03:38,414] INFO - 🎉 Fête ou jeûne trouvé : Sukkot I (2025-10-07)
[2025-05-10 22:03:38,415] INFO - 🎉 Fête ou jeûne trouvé : Sukkot II (2025-10-08)
[2025-05-10 22:03:38,416] INFO - 🎉 Fête ou jeûne trouvé : Sukkot III (CH’’M) (2025-10-09)
[2025-05-10 22:03:38,418] INFO - 🎉 Fête ou jeûne trouvé : Sukkot IV (CH’’M) (2025-10-10)
[2025-05-10 22:03:38,418] INFO - 🎉 Fête ou jeûne trouvé : Sukkot V (CH’’M) (2025-10-11)
[2025-05-10 22:03:38,418] INFO - 🎉 Fête ou jeûne trouvé : Sukkot VI (CH’’M) (2025-10-12)
[2025-05-10 22:03:38,419] INFO - 🎉 Fête ou jeûne trouvé : Sukkot VII (Hoshana Raba) (2025-10-13)
[2025-05-10 22:03:38,421] INFO - 🎉 Fête ou jeûne trouvé : Shmini Atzeret (2025-10-14)
[2025-05-10 22:03:38,422] INFO - 🎉 Fête ou jeûne trouvé : Simchat Torah (2025-10-15)
[2025-05-10 22:03:38,422] INFO - 🎉 Fête ou jeûne trouvé : Sigd (2025-11-20)
[2025-05-10 22:03:38,424] INFO - 🎉 Fête ou jeûne trouvé : Chanukah: 1 Candle (2025-12-14)
[2025-05-10 22:03:38,424] INFO - 🎉 Fête ou jeûne trouvé : Chanukah: 2 Candles (2025-12-15)
[2025-05-10 22:03:38,435] INFO - 🎉 Fête ou jeûne trouvé : Chanukah: 3 Candles (2025-12-16)
[2025-05-10 22:03:38,436] INFO - 🎉 Fête ou jeûne trouvé : Chanukah: 4 Candles (2025-12-17)
[2025-05-10 22:03:38,436] INFO - 🎉 Fête ou jeûne trouvé : Chanukah: 5 Candles (2025-12-18)
[2025-05-10 22:03:38,437] INFO - 🎉 Fête ou jeûne trouvé : Chanukah: 6 Candles (2025-12-19)
[2025-05-10 22:03:38,437] INFO - 🎉 Fête ou jeûne trouvé : Chanukah: 7 Candles (2025-12-20)
[2025-05-10 22:03:38,438] INFO - 🎉 Fête ou jeûne trouvé : Chanukah: 8 Candles (2025-12-21)
[2025-05-10 22:03:38,447] INFO - 🎉 Fête ou jeûne trouvé : Erev Purim (2026-03-02)
[2025-05-10 22:03:38,449] INFO - 🎉 Fête ou jeûne trouvé : Purim (2026-03-03)
[2025-05-10 22:03:38,450] INFO - 🎉 Fête ou jeûne trouvé : Yom HaAliyah (2026-03-28)
[2025-05-10 22:03:38,450] INFO - 🎉 Fête ou jeûne trouvé : Erev Pesach (2026-04-01)
[2025-05-10 22:03:38,451] INFO - 🎉 Fête ou jeûne trouvé : Pesach I (2026-04-02)
[2025-05-10 22:03:38,451] INFO - 🎉 Fête ou jeûne trouvé : Pesach II (2026-04-03)
[2025-05-10 22:03:38,451] INFO - 🎉 Fête ou jeûne trouvé : Pesach III (CH’’M) (2026-04-04)
[2025-05-10 22:03:38,452] INFO - 🎉 Fête ou jeûne trouvé : Pesach IV (CH’’M) (2026-04-05)
[2025-05-10 22:03:38,452] INFO - 🎉 Fête ou jeûne trouvé : Pesach V (CH’’M) (2026-04-06)
[2025-05-10 22:03:38,453] INFO - 🎉 Fête ou jeûne trouvé : Pesach VI (CH’’M) (2026-04-07)
[2025-05-10 22:03:38,454] INFO - 🎉 Fête ou jeûne trouvé : Pesach VII (2026-04-08)
[2025-05-10 22:03:38,454] INFO - 🎉 Fête ou jeûne trouvé : Pesach VIII (2026-04-09)
[2025-05-10 22:03:38,455] INFO - 🎉 Fête ou jeûne trouvé : Yom HaShoah (2026-04-14)
[2025-05-10 22:03:38,456] INFO - 🎉 Fête ou jeûne trouvé : Yom HaZikaron (2026-04-21)
[2025-05-10 22:03:38,456] INFO - 🎉 Fête ou jeûne trouvé : Yom HaAtzma’ut (2026-04-22)
[2025-05-10 22:03:38,458] INFO - 🎉 Fête ou jeûne trouvé : Yom Yerushalayim (2026-05-15)
[2025-05-10 22:03:38,463] INFO - 🎉 Fête ou jeûne trouvé : Erev Shavuot (2026-05-21)
[2025-05-10 22:03:38,463] INFO - 🎉 Fête ou jeûne trouvé : Shavuot I (2026-05-22)
[2025-05-10 22:03:38,464] INFO - 🎉 Fête ou jeûne trouvé : Shavuot II (2026-05-23)
[2025-05-10 22:03:38,465] INFO - 🕯 Allumage ajouté pour 2025-09-22: 19:30
[2025-05-10 22:03:38,466] INFO - 🕯 Allumage ajouté pour 2025-09-23: 20:36
[2025-05-10 22:03:38,466] INFO - 🔥 Havdalah ajouté pour 2025-09-24: 20:34
[2025-05-10 22:03:38,467] INFO - 🕯 Allumage ajouté pour 2025-10-01: 19:11
[2025-05-10 22:03:38,468] INFO - 🔥 Havdalah ajouté pour 2025-10-02: 20:17
[2025-05-10 22:03:38,469] INFO - 🕯 Allumage ajouté pour 2025-10-06: 19:00
[2025-05-10 22:03:38,469] INFO - 🕯 Allumage ajouté pour 2025-10-07: 20:07
[2025-05-10 22:03:38,470] INFO - 🔥 Havdalah ajouté pour 2025-10-08: 20:05
[2025-05-10 22:03:38,470] INFO - 🕯 Allumage ajouté pour 2025-10-10: 18:52
[2025-05-10 22:03:38,471] INFO - 🔥 Havdalah ajouté pour 2025-10-11: 19:59
[2025-05-10 22:03:38,471] INFO - 🕯 Allumage ajouté pour 2025-10-13: 18:46
[2025-05-10 22:03:38,471] INFO - 🕯 Allumage ajouté pour 2025-10-14: 19:53
[2025-05-10 22:03:38,472] INFO - 🔥 Havdalah ajouté pour 2025-10-15: 19:51
[2025-05-10 22:03:38,473] INFO - 🕯 Allumage ajouté pour 2025-12-19: 16:37
[2025-05-10 22:03:38,473] INFO - 🔥 Havdalah ajouté pour 2025-12-20: 17:46
[2025-05-10 22:03:38,475] INFO - 🔥 Havdalah ajouté pour 2026-03-28: 20:05
[2025-05-10 22:03:38,479] INFO - 🕯 Allumage ajouté pour 2026-04-01: 20:03
[2025-05-10 22:03:38,481] INFO - 🕯 Allumage ajouté pour 2026-04-02: 21:13
[2025-05-10 22:03:38,483] INFO - 🕯 Allumage ajouté pour 2026-04-03: 20:06
[2025-05-10 22:03:38,484] INFO - 🔥 Havdalah ajouté pour 2026-04-04: 21:16
[2025-05-10 22:03:38,484] INFO - 🕯 Allumage ajouté pour 2026-04-07: 20:12
[2025-05-10 22:03:38,485] INFO - 🕯 Allumage ajouté pour 2026-04-08: 21:22
[2025-05-10 22:03:38,486] INFO - 🔥 Havdalah ajouté pour 2026-04-09: 21:23
[2025-05-10 22:03:38,487] INFO - 🕯 Allumage ajouté pour 2026-05-15: 21:07
[2025-05-10 22:03:38,487] INFO - 🕯 Allumage ajouté pour 2026-05-21: 21:15
[2025-05-10 22:03:38,488] INFO - 🕯 Allumage ajouté pour 2026-05-22: 21:16
[2025-05-10 22:03:38,488] INFO - 🔥 Havdalah ajouté pour 2026-05-23: 22:26
[2025-05-10 22:03:38,488] INFO - 📦 Total fêtes/jeûnes renvoyés : 43
[2025-05-10 22:03:38,489] INFO - 127.0.0.1 - - [10/May/2025 22:03:38] "GET /fetes?ville=Paris&start=2025-08-26&end=2026-07-14 HTTP/1.1" 200 -
[2025-05-10 22:04:00,497] INFO -  * Detected change in 'D:\\Dropbox\\GitHub\\Agenda_Elodie\\app.py', reloading
[2025-05-10 22:04:06,730] INFO - Flask va démarrer sur le port 3000
[2025-05-10 22:04:06,758] WARNING -  * Debugger is active!
[2025-05-10 22:04:06,771] INFO -  * Debugger PIN: 363-886-414
[2025-05-10 22:09:15,501] INFO -  * Detected change in 'D:\\Dropbox\\GitHub\\Agenda_Elodie\\app.py', reloading
[2025-05-10 22:09:23,362] INFO - Flask va démarrer sur le port 3000
[2025-05-10 22:09:23,390] WARNING -  * Debugger is active!
[2025-05-10 22:09:23,402] INFO -  * Debugger PIN: 363-886-414
[2025-05-10 22:09:51,882] INFO -  * Detected change in 'D:\\Dropbox\\GitHub\\Agenda_Elodie\\app.py', reloading
[2025-05-10 22:09:59,218] INFO - Flask va démarrer sur le port 3000
[2025-05-10 22:09:59,241] WARNING -  * Debugger is active!
[2025-05-10 22:09:59,255] INFO -  * Debugger PIN: 363-886-414
[2025-05-10 22:10:12,753] INFO - ▶ Requête reçue sur /fetes
[2025-05-10 22:10:12,812] INFO - 📅 Période demandée : 2025-08-26 ➡ 2026-07-14 | geonameid=2988507
[2025-05-10 22:10:12,887] INFO - 🌐 Requête vers Hebcal API...
[2025-05-10 22:10:13,450] INFO - ✅ 174 événements récupérés depuis Hebcal
[2025-05-10 22:10:13,451] INFO - 🎉 Fête trouvée : Leil Selichot (2025-09-13)
[2025-05-10 22:10:13,451] INFO - 🎉 Fête trouvée : Erev Rosh Hashana (2025-09-22)
[2025-05-10 22:10:13,452] INFO - 🎉 Fête trouvée : Rosh Hashana 5786 (2025-09-23)
[2025-05-10 22:10:13,452] INFO - 🎉 Fête trouvée : Rosh Hashana II (2025-09-24)
[2025-05-10 22:10:13,453] INFO - 🎉 Fête trouvée : Tzom Gedaliah (2025-09-25)
[2025-05-10 22:10:13,453] INFO - 🎉 Fête trouvée : Erev Yom Kippur (2025-10-01)
[2025-05-10 22:10:13,454] INFO - 🎉 Fête trouvée : Yom Kippur (2025-10-02)
[2025-05-10 22:10:13,454] INFO - 🎉 Fête trouvée : Erev Sukkot (2025-10-06)
[2025-05-10 22:10:13,455] INFO - 🎉 Fête trouvée : Sukkot I (2025-10-07)
[2025-05-10 22:10:13,455] INFO - 🎉 Fête trouvée : Sukkot II (2025-10-08)
[2025-05-10 22:10:13,459] INFO - 🎉 Fête trouvée : Sukkot III (CH’’M) (2025-10-09)
[2025-05-10 22:10:13,461] INFO - 🎉 Fête trouvée : Sukkot IV (CH’’M) (2025-10-10)
[2025-05-10 22:10:13,461] INFO - 🎉 Fête trouvée : Sukkot V (CH’’M) (2025-10-11)
[2025-05-10 22:10:13,462] INFO - 🎉 Fête trouvée : Sukkot VI (CH’’M) (2025-10-12)
[2025-05-10 22:10:13,463] INFO - 🎉 Fête trouvée : Sukkot VII (Hoshana Raba) (2025-10-13)
[2025-05-10 22:10:13,463] INFO - 🎉 Fête trouvée : Shmini Atzeret (2025-10-14)
[2025-05-10 22:10:13,464] INFO - 🎉 Fête trouvée : Simchat Torah (2025-10-15)
[2025-05-10 22:10:13,465] INFO - 🎉 Fête trouvée : Chanukah: 1 Candle (2025-12-14)
[2025-05-10 22:10:13,465] INFO - 🎉 Fête trouvée : Chanukah: 2 Candles (2025-12-15)
[2025-05-10 22:10:13,466] INFO - 🎉 Fête trouvée : Chanukah: 3 Candles (2025-12-16)
[2025-05-10 22:10:13,466] INFO - 🎉 Fête trouvée : Chanukah: 4 Candles (2025-12-17)
[2025-05-10 22:10:13,467] INFO - 🎉 Fête trouvée : Chanukah: 5 Candles (2025-12-18)
[2025-05-10 22:10:13,467] INFO - 🎉 Fête trouvée : Chanukah: 6 Candles (2025-12-19)
[2025-05-10 22:10:13,468] INFO - 🎉 Fête trouvée : Chag HaBanot (2025-12-20)
[2025-05-10 22:10:13,469] INFO - 🎉 Fête trouvée : Chanukah: 7 Candles (2025-12-20)
[2025-05-10 22:10:13,469] INFO - 🎉 Fête trouvée : Chanukah: 8 Candles (2025-12-21)
[2025-05-10 22:10:13,469] INFO - 🎉 Fête trouvée : Chanukah: 8th Day (2025-12-22)
[2025-05-10 22:10:13,470] INFO - 🎉 Fête trouvée : Asara B’Tevet (2025-12-30)
[2025-05-10 22:10:13,471] INFO - 🎉 Fête trouvée : Tu BiShvat (2026-02-02)
[2025-05-10 22:10:13,472] INFO - 🎉 Fête trouvée : Ta’anit Esther (2026-03-02)
[2025-05-10 22:10:13,472] INFO - 🎉 Fête trouvée : Erev Purim (2026-03-02)
[2025-05-10 22:10:13,476] INFO - 🎉 Fête trouvée : Purim (2026-03-03)
[2025-05-10 22:10:13,477] INFO - 🎉 Fête trouvée : Shushan Purim (2026-03-04)
[2025-05-10 22:10:13,478] INFO - 🎉 Fête trouvée : Ta’anit Bechorot (2026-04-01)
[2025-05-10 22:10:13,480] INFO - 🎉 Fête trouvée : Erev Pesach (2026-04-01)
[2025-05-10 22:10:13,480] INFO - 🎉 Fête trouvée : Pesach I (2026-04-02)
[2025-05-10 22:10:13,481] INFO - 🎉 Fête trouvée : Pesach II (2026-04-03)
[2025-05-10 22:10:13,482] INFO - 🎉 Fête trouvée : Pesach III (CH’’M) (2026-04-04)
[2025-05-10 22:10:13,483] INFO - 🎉 Fête trouvée : Pesach IV (CH’’M) (2026-04-05)
[2025-05-10 22:10:13,484] INFO - 🎉 Fête trouvée : Pesach V (CH’’M) (2026-04-06)
[2025-05-10 22:10:13,484] INFO - 🎉 Fête trouvée : Pesach VI (CH’’M) (2026-04-07)
[2025-05-10 22:10:13,485] INFO - 🎉 Fête trouvée : Pesach VII (2026-04-08)
[2025-05-10 22:10:13,486] INFO - 🎉 Fête trouvée : Pesach VIII (2026-04-09)
[2025-05-10 22:10:13,486] INFO - 🎉 Fête trouvée : Pesach Sheni (2026-05-01)
[2025-05-10 22:10:13,487] INFO - 🎉 Fête trouvée : Lag BaOmer (2026-05-05)
[2025-05-10 22:10:13,487] INFO - 🎉 Fête trouvée : Erev Shavuot (2026-05-21)
[2025-05-10 22:10:13,488] INFO - 🎉 Fête trouvée : Shavuot I (2026-05-22)
[2025-05-10 22:10:13,488] INFO - 🎉 Fête trouvée : Shavuot II (2026-05-23)
[2025-05-10 22:10:13,488] INFO - 🎉 Fête trouvée : Tzom Tammuz (2026-07-02)
[2025-05-10 22:10:13,491] INFO - 🔥 Havdalah ajouté pour 2025-09-13: 20:57
[2025-05-10 22:10:13,493] INFO - 🕯 Allumage ajouté pour 2025-09-22: 19:30
[2025-05-10 22:10:13,494] INFO - 🕯 Allumage ajouté pour 2025-09-23: 20:36
[2025-05-10 22:10:13,496] INFO - 🔥 Havdalah ajouté pour 2025-09-24: 20:34
[2025-05-10 22:10:13,498] INFO - 🕯 Allumage ajouté pour 2025-10-01: 19:11
[2025-05-10 22:10:13,499] INFO - 🔥 Havdalah ajouté pour 2025-10-02: 20:17
[2025-05-10 22:10:13,500] INFO - 🕯 Allumage ajouté pour 2025-10-06: 19:00
[2025-05-10 22:10:13,500] INFO - 🕯 Allumage ajouté pour 2025-10-07: 20:07
[2025-05-10 22:10:13,501] INFO - 🔥 Havdalah ajouté pour 2025-10-08: 20:05
[2025-05-10 22:10:13,502] INFO - 🕯 Allumage ajouté pour 2025-10-10: 18:52
[2025-05-10 22:10:13,502] INFO - 🔥 Havdalah ajouté pour 2025-10-11: 19:59
[2025-05-10 22:10:13,503] INFO - 🕯 Allumage ajouté pour 2025-10-13: 18:46
[2025-05-10 22:10:13,503] INFO - 🕯 Allumage ajouté pour 2025-10-14: 19:53
[2025-05-10 22:10:13,504] INFO - 🔥 Havdalah ajouté pour 2025-10-15: 19:51
[2025-05-10 22:10:13,505] INFO - 🕯 Allumage ajouté pour 2025-12-19: 16:37
[2025-05-10 22:10:13,507] INFO - 🔥 Havdalah ajouté pour 2025-12-20: 17:46
[2025-05-10 22:10:13,513] INFO - 🕯 Allumage ajouté pour 2026-04-01: 20:03
[2025-05-10 22:10:13,513] INFO - 🕯 Allumage ajouté pour 2026-04-02: 21:13
[2025-05-10 22:10:13,514] INFO - 🕯 Allumage ajouté pour 2026-04-03: 20:06
[2025-05-10 22:10:13,515] INFO - 🔥 Havdalah ajouté pour 2026-04-04: 21:16
[2025-05-10 22:10:13,515] INFO - 🕯 Allumage ajouté pour 2026-04-07: 20:12
[2025-05-10 22:10:13,516] INFO - 🕯 Allumage ajouté pour 2026-04-08: 21:22
[2025-05-10 22:10:13,517] INFO - 🔥 Havdalah ajouté pour 2026-04-09: 21:23
[2025-05-10 22:10:13,518] INFO - 🕯 Allumage ajouté pour 2026-05-01: 20:47
[2025-05-10 22:10:13,518] INFO - 🕯 Allumage ajouté pour 2026-05-21: 21:15
[2025-05-10 22:10:13,519] INFO - 🕯 Allumage ajouté pour 2026-05-22: 21:16
[2025-05-10 22:10:13,519] INFO - 🔥 Havdalah ajouté pour 2026-05-23: 22:26
[2025-05-10 22:10:13,520] INFO - 📦 Total des fêtes renvoyées : 49
[2025-05-10 22:10:13,521] INFO - 127.0.0.1 - - [10/May/2025 22:10:13] "GET /fetes?ville=Paris&start=2025-08-26&end=2026-07-14 HTTP/1.1" 200 -
[2025-05-10 22:12:07,684] INFO -  * Detected change in 'D:\\Dropbox\\GitHub\\Agenda_Elodie\\app.py', reloading
[2025-05-10 22:12:17,565] INFO - Flask va démarrer sur le port 3000
[2025-05-10 22:12:17,589] WARNING -  * Debugger is active!
[2025-05-10 22:12:17,601] INFO -  * Debugger PIN: 363-886-414
[2025-05-10 22:12:19,176] INFO - ▶ Requête reçue sur /fetes
[2025-05-10 22:12:19,177] INFO - 📅 Période demandée : 2025-08-26 ➡ 2026-07-14 | geonameid=2988507
[2025-05-10 22:12:19,187] INFO - 🌐 Requête vers Hebcal API...
[2025-05-10 22:12:19,664] INFO - ✅ 174 événements récupérés depuis Hebcal
[2025-05-10 22:12:19,664] INFO - 🎉 Fête trouvée : Leil Selichot (2025-09-13)
[2025-05-10 22:12:19,665] INFO - 🎉 Fête trouvée : Erev Rosh Hashana (2025-09-22)
[2025-05-10 22:12:19,667] INFO - 🎉 Fête trouvée : Rosh Hashana 5786 (2025-09-23)
[2025-05-10 22:12:19,667] INFO - 🎉 Fête trouvée : Rosh Hashana II (2025-09-24)
[2025-05-10 22:12:19,668] INFO - 🎉 Fête trouvée : Tzom Gedaliah (2025-09-25)
[2025-05-10 22:12:19,669] INFO - 🎉 Fête trouvée : Erev Yom Kippur (2025-10-01)
[2025-05-10 22:12:19,670] INFO - 🎉 Fête trouvée : Yom Kippur (2025-10-02)
[2025-05-10 22:12:19,671] INFO - 🎉 Fête trouvée : Erev Sukkot (2025-10-06)
[2025-05-10 22:12:19,672] INFO - 🎉 Fête trouvée : Sukkot I (2025-10-07)
[2025-05-10 22:12:19,675] INFO - 🎉 Fête trouvée : Sukkot II (2025-10-08)
[2025-05-10 22:12:19,676] INFO - 🎉 Fête trouvée : Sukkot III (CH’’M) (2025-10-09)
[2025-05-10 22:12:19,676] INFO - 🎉 Fête trouvée : Sukkot IV (CH’’M) (2025-10-10)
[2025-05-10 22:12:19,677] INFO - 🎉 Fête trouvée : Sukkot V (CH’’M) (2025-10-11)
[2025-05-10 22:12:19,680] INFO - 🎉 Fête trouvée : Sukkot VI (CH’’M) (2025-10-12)
[2025-05-10 22:12:19,683] INFO - 🎉 Fête trouvée : Sukkot VII (Hoshana Raba) (2025-10-13)
[2025-05-10 22:12:19,683] INFO - 🎉 Fête trouvée : Shmini Atzeret (2025-10-14)
[2025-05-10 22:12:19,687] INFO - 🎉 Fête trouvée : Simchat Torah (2025-10-15)
[2025-05-10 22:12:19,688] INFO - 🎉 Fête trouvée : Chanukah: 1 Candle (2025-12-14)
[2025-05-10 22:12:19,688] INFO - 🎉 Fête trouvée : Chanukah: 2 Candles (2025-12-15)
[2025-05-10 22:12:19,689] INFO - 🎉 Fête trouvée : Chanukah: 3 Candles (2025-12-16)
[2025-05-10 22:12:19,690] INFO - 🎉 Fête trouvée : Chanukah: 4 Candles (2025-12-17)
[2025-05-10 22:12:19,690] INFO - 🎉 Fête trouvée : Chanukah: 5 Candles (2025-12-18)
[2025-05-10 22:12:19,691] INFO - 🎉 Fête trouvée : Chanukah: 6 Candles (2025-12-19)
[2025-05-10 22:12:19,691] INFO - 🎉 Fête trouvée : Chag HaBanot (2025-12-20)
[2025-05-10 22:12:19,692] INFO - 🎉 Fête trouvée : Chanukah: 7 Candles (2025-12-20)
[2025-05-10 22:12:19,692] INFO - 🎉 Fête trouvée : Chanukah: 8 Candles (2025-12-21)
[2025-05-10 22:12:19,693] INFO - 🎉 Fête trouvée : Chanukah: 8th Day (2025-12-22)
[2025-05-10 22:12:19,694] INFO - 🎉 Fête trouvée : Asara B’Tevet (2025-12-30)
[2025-05-10 22:12:19,694] INFO - 🎉 Fête trouvée : Tu BiShvat (2026-02-02)
[2025-05-10 22:12:19,698] INFO - 🎉 Fête trouvée : Ta’anit Esther (2026-03-02)
[2025-05-10 22:12:19,701] INFO - 🎉 Fête trouvée : Erev Purim (2026-03-02)
[2025-05-10 22:12:19,701] INFO - 🎉 Fête trouvée : Purim (2026-03-03)
[2025-05-10 22:12:19,703] INFO - 🎉 Fête trouvée : Shushan Purim (2026-03-04)
[2025-05-10 22:12:19,704] INFO - 🎉 Fête trouvée : Ta’anit Bechorot (2026-04-01)
[2025-05-10 22:12:19,704] INFO - 🎉 Fête trouvée : Erev Pesach (2026-04-01)
[2025-05-10 22:12:19,705] INFO - 🎉 Fête trouvée : Pesach I (2026-04-02)
[2025-05-10 22:12:19,706] INFO - 🎉 Fête trouvée : Pesach II (2026-04-03)
[2025-05-10 22:12:19,706] INFO - 🎉 Fête trouvée : Pesach III (CH’’M) (2026-04-04)
[2025-05-10 22:12:19,706] INFO - 🎉 Fête trouvée : Pesach IV (CH’’M) (2026-04-05)
[2025-05-10 22:12:19,708] INFO - 🎉 Fête trouvée : Pesach V (CH’’M) (2026-04-06)
[2025-05-10 22:12:19,708] INFO - 🎉 Fête trouvée : Pesach VI (CH’’M) (2026-04-07)
[2025-05-10 22:12:19,709] INFO - 🎉 Fête trouvée : Pesach VII (2026-04-08)
[2025-05-10 22:12:19,710] INFO - 🎉 Fête trouvée : Pesach VIII (2026-04-09)
[2025-05-10 22:12:19,710] INFO - 🎉 Fête trouvée : Pesach Sheni (2026-05-01)
[2025-05-10 22:12:19,711] INFO - 🎉 Fête trouvée : Lag BaOmer (2026-05-05)
[2025-05-10 22:12:19,711] INFO - 🎉 Fête trouvée : Erev Shavuot (2026-05-21)
[2025-05-10 22:12:19,716] INFO - 🎉 Fête trouvée : Shavuot I (2026-05-22)
[2025-05-10 22:12:19,717] INFO - 🎉 Fête trouvée : Shavuot II (2026-05-23)
[2025-05-10 22:12:19,717] INFO - 🎉 Fête trouvée : Tzom Tammuz (2026-07-02)
[2025-05-10 22:12:19,719] INFO - 🔥 Havdalah ajouté pour 2025-09-13: 20:57
[2025-05-10 22:12:19,720] INFO - 🕯 Allumage ajouté pour 2025-09-22: 19:30
[2025-05-10 22:12:19,721] INFO - 🕯 Allumage ajouté pour 2025-09-23: 20:36
[2025-05-10 22:12:19,721] INFO - 🔥 Havdalah ajouté pour 2025-09-24: 20:34
[2025-05-10 22:12:19,722] INFO - 🕯 Allumage ajouté pour 2025-10-01: 19:11
[2025-05-10 22:12:19,723] INFO - 🔥 Havdalah ajouté pour 2025-10-02: 20:17
[2025-05-10 22:12:19,724] INFO - 🕯 Allumage ajouté pour 2025-10-06: 19:00
[2025-05-10 22:12:19,724] INFO - 🕯 Allumage ajouté pour 2025-10-07: 20:07
[2025-05-10 22:12:19,725] INFO - 🔥 Havdalah ajouté pour 2025-10-08: 20:05
[2025-05-10 22:12:19,726] INFO - 🕯 Allumage ajouté pour 2025-10-10: 18:52
[2025-05-10 22:12:19,727] INFO - 🔥 Havdalah ajouté pour 2025-10-11: 19:59
[2025-05-10 22:12:19,727] INFO - 🕯 Allumage ajouté pour 2025-10-13: 18:46
[2025-05-10 22:12:19,728] INFO - 🕯 Allumage ajouté pour 2025-10-14: 19:53
[2025-05-10 22:12:19,732] INFO - 🔥 Havdalah ajouté pour 2025-10-15: 19:51
[2025-05-10 22:12:19,734] INFO - 🕯 Allumage ajouté pour 2025-12-19: 16:37
[2025-05-10 22:12:19,735] INFO - 🔥 Havdalah ajouté pour 2025-12-20: 17:46
[2025-05-10 22:12:19,737] INFO - 🕘 Début du jeûne ajouté pour 2026-04-01: 20:03
[2025-05-10 22:12:19,738] INFO - 🕯 Allumage ajouté pour 2026-04-02: 21:13
[2025-05-10 22:12:19,739] INFO - 🕯 Allumage ajouté pour 2026-04-03: 20:06
[2025-05-10 22:12:19,740] INFO - 🔥 Havdalah ajouté pour 2026-04-04: 21:16
[2025-05-10 22:12:19,741] INFO - 🕯 Allumage ajouté pour 2026-04-07: 20:12
[2025-05-10 22:12:19,741] INFO - 🕯 Allumage ajouté pour 2026-04-08: 21:22
[2025-05-10 22:12:19,742] INFO - 🔥 Havdalah ajouté pour 2026-04-09: 21:23
[2025-05-10 22:12:19,742] INFO - 🕯 Allumage ajouté pour 2026-05-01: 20:47
[2025-05-10 22:12:19,743] INFO - 🕯 Allumage ajouté pour 2026-05-21: 21:15
[2025-05-10 22:12:19,743] INFO - 🕯 Allumage ajouté pour 2026-05-22: 21:16
[2025-05-10 22:12:19,744] INFO - 🔥 Havdalah ajouté pour 2026-05-23: 22:26
[2025-05-10 22:12:19,746] INFO - 📦 Total des fêtes renvoyées : 49
[2025-05-10 22:12:19,752] INFO - 127.0.0.1 - - [10/May/2025 22:12:19] "GET /fetes?ville=Paris&start=2025-08-26&end=2026-07-14 HTTP/1.1" 200 -
[2025-05-10 22:12:32,373] INFO - ▶ Requête reçue sur /fetes
[2025-05-10 22:12:32,374] INFO - 📅 Période demandée : 2025-08-26 ➡ 2026-07-14 | geonameid=2988507
[2025-05-10 22:12:32,378] INFO - 🌐 Requête vers Hebcal API...
[2025-05-10 22:12:32,838] INFO - ✅ 174 événements récupérés depuis Hebcal
[2025-05-10 22:12:32,839] INFO - 🎉 Fête trouvée : Leil Selichot (2025-09-13)
[2025-05-10 22:12:32,842] INFO - 🎉 Fête trouvée : Erev Rosh Hashana (2025-09-22)
[2025-05-10 22:12:32,845] INFO - 🎉 Fête trouvée : Rosh Hashana 5786 (2025-09-23)
[2025-05-10 22:12:32,847] INFO - 🎉 Fête trouvée : Rosh Hashana II (2025-09-24)
[2025-05-10 22:12:32,851] INFO - 🎉 Fête trouvée : Tzom Gedaliah (2025-09-25)
[2025-05-10 22:12:32,852] INFO - 🎉 Fête trouvée : Erev Yom Kippur (2025-10-01)
[2025-05-10 22:12:32,854] INFO - 🎉 Fête trouvée : Yom Kippur (2025-10-02)
[2025-05-10 22:12:32,855] INFO - 🎉 Fête trouvée : Erev Sukkot (2025-10-06)
[2025-05-10 22:12:32,863] INFO - 🎉 Fête trouvée : Sukkot I (2025-10-07)
[2025-05-10 22:12:32,864] INFO - 🎉 Fête trouvée : Sukkot II (2025-10-08)
[2025-05-10 22:12:32,866] INFO - 🎉 Fête trouvée : Sukkot III (CH’’M) (2025-10-09)
[2025-05-10 22:12:32,868] INFO - 🎉 Fête trouvée : Sukkot IV (CH’’M) (2025-10-10)
[2025-05-10 22:12:32,869] INFO - 🎉 Fête trouvée : Sukkot V (CH’’M) (2025-10-11)
[2025-05-10 22:12:32,871] INFO - 🎉 Fête trouvée : Sukkot VI (CH’’M) (2025-10-12)
[2025-05-10 22:12:32,871] INFO - 🎉 Fête trouvée : Sukkot VII (Hoshana Raba) (2025-10-13)
[2025-05-10 22:12:32,872] INFO - 🎉 Fête trouvée : Shmini Atzeret (2025-10-14)
[2025-05-10 22:12:32,875] INFO - 🎉 Fête trouvée : Simchat Torah (2025-10-15)
[2025-05-10 22:12:32,879] INFO - 🎉 Fête trouvée : Chanukah: 1 Candle (2025-12-14)
[2025-05-10 22:12:32,881] INFO - 🎉 Fête trouvée : Chanukah: 2 Candles (2025-12-15)
[2025-05-10 22:12:32,881] INFO - 🎉 Fête trouvée : Chanukah: 3 Candles (2025-12-16)
[2025-05-10 22:12:32,882] INFO - 🎉 Fête trouvée : Chanukah: 4 Candles (2025-12-17)
[2025-05-10 22:12:32,882] INFO - 🎉 Fête trouvée : Chanukah: 5 Candles (2025-12-18)
[2025-05-10 22:12:32,883] INFO - 🎉 Fête trouvée : Chanukah: 6 Candles (2025-12-19)
[2025-05-10 22:12:32,883] INFO - 🎉 Fête trouvée : Chag HaBanot (2025-12-20)
[2025-05-10 22:12:32,884] INFO - 🎉 Fête trouvée : Chanukah: 7 Candles (2025-12-20)
[2025-05-10 22:12:32,884] INFO - 🎉 Fête trouvée : Chanukah: 8 Candles (2025-12-21)
[2025-05-10 22:12:32,885] INFO - 🎉 Fête trouvée : Chanukah: 8th Day (2025-12-22)
[2025-05-10 22:12:32,885] INFO - 🎉 Fête trouvée : Asara B’Tevet (2025-12-30)
[2025-05-10 22:12:32,886] INFO - 🎉 Fête trouvée : Tu BiShvat (2026-02-02)
[2025-05-10 22:12:32,886] INFO - 🎉 Fête trouvée : Ta’anit Esther (2026-03-02)
[2025-05-10 22:12:32,887] INFO - 🎉 Fête trouvée : Erev Purim (2026-03-02)
[2025-05-10 22:12:32,887] INFO - 🎉 Fête trouvée : Purim (2026-03-03)
[2025-05-10 22:12:32,888] INFO - 🎉 Fête trouvée : Shushan Purim (2026-03-04)
[2025-05-10 22:12:32,888] INFO - 🎉 Fête trouvée : Ta’anit Bechorot (2026-04-01)
[2025-05-10 22:12:32,890] INFO - 🎉 Fête trouvée : Erev Pesach (2026-04-01)
[2025-05-10 22:12:32,895] INFO - 🎉 Fête trouvée : Pesach I (2026-04-02)
[2025-05-10 22:12:32,896] INFO - 🎉 Fête trouvée : Pesach II (2026-04-03)
[2025-05-10 22:12:32,897] INFO - 🎉 Fête trouvée : Pesach III (CH’’M) (2026-04-04)
[2025-05-10 22:12:32,897] INFO - 🎉 Fête trouvée : Pesach IV (CH’’M) (2026-04-05)
[2025-05-10 22:12:32,898] INFO - 🎉 Fête trouvée : Pesach V (CH’’M) (2026-04-06)
[2025-05-10 22:12:32,898] INFO - 🎉 Fête trouvée : Pesach VI (CH’’M) (2026-04-07)
[2025-05-10 22:12:32,899] INFO - 🎉 Fête trouvée : Pesach VII (2026-04-08)
[2025-05-10 22:12:32,899] INFO - 🎉 Fête trouvée : Pesach VIII (2026-04-09)
[2025-05-10 22:12:32,900] INFO - 🎉 Fête trouvée : Pesach Sheni (2026-05-01)
[2025-05-10 22:12:32,901] INFO - 🎉 Fête trouvée : Lag BaOmer (2026-05-05)
[2025-05-10 22:12:32,901] INFO - 🎉 Fête trouvée : Erev Shavuot (2026-05-21)
[2025-05-10 22:12:32,901] INFO - 🎉 Fête trouvée : Shavuot I (2026-05-22)
[2025-05-10 22:12:32,902] INFO - 🎉 Fête trouvée : Shavuot II (2026-05-23)
[2025-05-10 22:12:32,902] INFO - 🎉 Fête trouvée : Tzom Tammuz (2026-07-02)
[2025-05-10 22:12:32,903] INFO - 🔥 Havdalah ajouté pour 2025-09-13: 20:57
[2025-05-10 22:12:32,904] INFO - 🕯 Allumage ajouté pour 2025-09-22: 19:30
[2025-05-10 22:12:32,904] INFO - 🕯 Allumage ajouté pour 2025-09-23: 20:36
[2025-05-10 22:12:32,906] INFO - 🔥 Havdalah ajouté pour 2025-09-24: 20:34
[2025-05-10 22:12:32,909] INFO - 🕯 Allumage ajouté pour 2025-10-01: 19:11
[2025-05-10 22:12:32,911] INFO - 🔥 Havdalah ajouté pour 2025-10-02: 20:17
[2025-05-10 22:12:32,913] INFO - 🕯 Allumage ajouté pour 2025-10-06: 19:00
[2025-05-10 22:12:32,914] INFO - 🕯 Allumage ajouté pour 2025-10-07: 20:07
[2025-05-10 22:12:32,914] INFO - 🔥 Havdalah ajouté pour 2025-10-08: 20:05
[2025-05-10 22:12:32,915] INFO - 🕯 Allumage ajouté pour 2025-10-10: 18:52
[2025-05-10 22:12:32,915] INFO - 🔥 Havdalah ajouté pour 2025-10-11: 19:59
[2025-05-10 22:12:32,916] INFO - 🕯 Allumage ajouté pour 2025-10-13: 18:46
[2025-05-10 22:12:32,917] INFO - 🕯 Allumage ajouté pour 2025-10-14: 19:53
[2025-05-10 22:12:32,918] INFO - 🔥 Havdalah ajouté pour 2025-10-15: 19:51
[2025-05-10 22:12:32,919] INFO - 🕯 Allumage ajouté pour 2025-12-19: 16:37
[2025-05-10 22:12:32,920] INFO - 🔥 Havdalah ajouté pour 2025-12-20: 17:46
[2025-05-10 22:12:32,922] INFO - 🕘 Début du jeûne ajouté pour 2026-04-01: 20:03
[2025-05-10 22:12:32,922] INFO - 🕯 Allumage ajouté pour 2026-04-02: 21:13
[2025-05-10 22:12:32,923] INFO - 🕯 Allumage ajouté pour 2026-04-03: 20:06
[2025-05-10 22:12:32,928] INFO - 🔥 Havdalah ajouté pour 2026-04-04: 21:16
[2025-05-10 22:12:32,929] INFO - 🕯 Allumage ajouté pour 2026-04-07: 20:12
[2025-05-10 22:12:32,930] INFO - 🕯 Allumage ajouté pour 2026-04-08: 21:22
[2025-05-10 22:12:32,931] INFO - 🔥 Havdalah ajouté pour 2026-04-09: 21:23
[2025-05-10 22:12:32,931] INFO - 🕯 Allumage ajouté pour 2026-05-01: 20:47
[2025-05-10 22:12:32,932] INFO - 🕯 Allumage ajouté pour 2026-05-21: 21:15
[2025-05-10 22:12:32,933] INFO - 🕯 Allumage ajouté pour 2026-05-22: 21:16
[2025-05-10 22:12:32,933] INFO - 🔥 Havdalah ajouté pour 2026-05-23: 22:26
[2025-05-10 22:12:32,934] INFO - 📦 Total des fêtes renvoyées : 49
[2025-05-10 22:12:32,935] INFO - 127.0.0.1 - - [10/May/2025 22:12:32] "GET /fetes?ville=Paris&start=2025-08-26&end=2026-07-14 HTTP/1.1" 200 -
[2025-05-10 22:14:54,290] INFO -  * Detected change in 'D:\\Dropbox\\GitHub\\Agenda_Elodie\\app.py', reloading
[2025-05-10 22:14:58,734] INFO - Flask va démarrer sur le port 3000
[2025-05-10 22:14:58,756] WARNING -  * Debugger is active!
[2025-05-10 22:14:58,769] INFO -  * Debugger PIN: 363-886-414
[2025-05-10 22:15:01,217] INFO - ▶ Requête reçue sur /fetes
[2025-05-10 22:15:01,218] INFO - 📅 Période demandée : 2025-08-26 ➡ 2026-07-14 | geonameid=2988507
[2025-05-10 22:15:01,225] INFO - 🌐 Requête vers Hebcal API...
[2025-05-10 22:15:01,712] INFO - ✅ 174 événements récupérés depuis Hebcal
[2025-05-10 22:15:01,713] INFO - 🎉 Fête trouvée : Leil Selichot (2025-09-13)
[2025-05-10 22:15:01,713] INFO - 🎉 Fête trouvée : Erev Rosh Hashana (2025-09-22)
[2025-05-10 22:15:01,714] INFO - 🎉 Fête trouvée : Rosh Hashana 5786 (2025-09-23)
[2025-05-10 22:15:01,716] INFO - 🎉 Fête trouvée : Rosh Hashana II (2025-09-24)
[2025-05-10 22:15:01,719] INFO - 🎉 Fête trouvée : Tzom Gedaliah (2025-09-25)
[2025-05-10 22:15:01,723] INFO - 🎉 Fête trouvée : Erev Yom Kippur (2025-10-01)
[2025-05-10 22:15:01,723] INFO - 🎉 Fête trouvée : Yom Kippur (2025-10-02)
[2025-05-10 22:15:01,724] INFO - 🎉 Fête trouvée : Erev Sukkot (2025-10-06)
[2025-05-10 22:15:01,725] INFO - 🎉 Fête trouvée : Sukkot I (2025-10-07)
[2025-05-10 22:15:01,726] INFO - 🎉 Fête trouvée : Sukkot II (2025-10-08)
[2025-05-10 22:15:01,727] INFO - 🎉 Fête trouvée : Sukkot III (CH’’M) (2025-10-09)
[2025-05-10 22:15:01,727] INFO - 🎉 Fête trouvée : Sukkot IV (CH’’M) (2025-10-10)
[2025-05-10 22:15:01,728] INFO - 🎉 Fête trouvée : Sukkot V (CH’’M) (2025-10-11)
[2025-05-10 22:15:01,729] INFO - 🎉 Fête trouvée : Sukkot VI (CH’’M) (2025-10-12)
[2025-05-10 22:15:01,729] INFO - 🎉 Fête trouvée : Sukkot VII (Hoshana Raba) (2025-10-13)
[2025-05-10 22:15:01,730] INFO - 🎉 Fête trouvée : Shmini Atzeret (2025-10-14)
[2025-05-10 22:15:01,730] INFO - 🎉 Fête trouvée : Simchat Torah (2025-10-15)
[2025-05-10 22:15:01,735] INFO - 🎉 Fête trouvée : Chanukah: 1 Candle (2025-12-14)
[2025-05-10 22:15:01,737] INFO - 🎉 Fête trouvée : Chanukah: 2 Candles (2025-12-15)
[2025-05-10 22:15:01,738] INFO - 🎉 Fête trouvée : Chanukah: 3 Candles (2025-12-16)
[2025-05-10 22:15:01,739] INFO - 🎉 Fête trouvée : Chanukah: 4 Candles (2025-12-17)
[2025-05-10 22:15:01,741] INFO - 🎉 Fête trouvée : Chanukah: 5 Candles (2025-12-18)
[2025-05-10 22:15:01,741] INFO - 🎉 Fête trouvée : Chanukah: 6 Candles (2025-12-19)
[2025-05-10 22:15:01,742] INFO - 🎉 Fête trouvée : Chag HaBanot (2025-12-20)
[2025-05-10 22:15:01,743] INFO - 🎉 Fête trouvée : Chanukah: 7 Candles (2025-12-20)
[2025-05-10 22:15:01,744] INFO - 🎉 Fête trouvée : Chanukah: 8 Candles (2025-12-21)
[2025-05-10 22:15:01,744] INFO - 🎉 Fête trouvée : Chanukah: 8th Day (2025-12-22)
[2025-05-10 22:15:01,745] INFO - 🎉 Fête trouvée : Asara B’Tevet (2025-12-30)
[2025-05-10 22:15:01,745] INFO - 🎉 Fête trouvée : Tu BiShvat (2026-02-02)
[2025-05-10 22:15:01,746] INFO - 🎉 Fête trouvée : Ta’anit Esther (2026-03-02)
[2025-05-10 22:15:01,747] INFO - 🎉 Fête trouvée : Erev Purim (2026-03-02)
[2025-05-10 22:15:01,752] INFO - 🎉 Fête trouvée : Purim (2026-03-03)
[2025-05-10 22:15:01,755] INFO - 🎉 Fête trouvée : Shushan Purim (2026-03-04)
[2025-05-10 22:15:01,758] INFO - 🎉 Fête trouvée : Ta’anit Bechorot (2026-04-01)
[2025-05-10 22:15:01,758] INFO - 🎉 Fête trouvée : Erev Pesach (2026-04-01)
[2025-05-10 22:15:01,759] INFO - 🎉 Fête trouvée : Pesach I (2026-04-02)
[2025-05-10 22:15:01,760] INFO - 🎉 Fête trouvée : Pesach II (2026-04-03)
[2025-05-10 22:15:01,760] INFO - 🎉 Fête trouvée : Pesach III (CH’’M) (2026-04-04)
[2025-05-10 22:15:01,761] INFO - 🎉 Fête trouvée : Pesach IV (CH’’M) (2026-04-05)
[2025-05-10 22:15:01,761] INFO - 🎉 Fête trouvée : Pesach V (CH’’M) (2026-04-06)
[2025-05-10 22:15:01,763] INFO - 🎉 Fête trouvée : Pesach VI (CH’’M) (2026-04-07)
[2025-05-10 22:15:01,764] INFO - 🎉 Fête trouvée : Pesach VII (2026-04-08)
[2025-05-10 22:15:01,764] INFO - 🎉 Fête trouvée : Pesach VIII (2026-04-09)
[2025-05-10 22:15:01,770] INFO - 🎉 Fête trouvée : Pesach Sheni (2026-05-01)
[2025-05-10 22:15:01,772] INFO - 🎉 Fête trouvée : Lag BaOmer (2026-05-05)
[2025-05-10 22:15:01,773] INFO - 🎉 Fête trouvée : Erev Shavuot (2026-05-21)
[2025-05-10 22:15:01,773] INFO - 🎉 Fête trouvée : Shavuot I (2026-05-22)
[2025-05-10 22:15:01,774] INFO - 🎉 Fête trouvée : Shavuot II (2026-05-23)
[2025-05-10 22:15:01,776] INFO - 🎉 Fête trouvée : Tzom Tammuz (2026-07-02)
[2025-05-10 22:15:01,778] INFO - 🔥 Havdalah ajouté pour 2025-09-13: 20:57
[2025-05-10 22:15:01,779] INFO - 🕯 Allumage ajouté pour 2025-09-22: 19:30
[2025-05-10 22:15:01,779] INFO - 🕯 Allumage ajouté pour 2025-09-23: 20:36
[2025-05-10 22:15:01,780] INFO - 🔥 Havdalah ajouté pour 2025-09-24: 20:34
[2025-05-10 22:15:01,781] INFO - 🕯 Allumage ajouté pour 2025-10-01: 19:11
[2025-05-10 22:15:01,786] INFO - 🔥 Havdalah ajouté pour 2025-10-02: 20:17
[2025-05-10 22:15:01,787] INFO - 🕯 Allumage ajouté pour 2025-10-06: 19:00
[2025-05-10 22:15:01,788] INFO - 🕯 Allumage ajouté pour 2025-10-07: 20:07
[2025-05-10 22:15:01,789] INFO - 🔥 Havdalah ajouté pour 2025-10-08: 20:05
[2025-05-10 22:15:01,790] INFO - 🕯 Allumage ajouté pour 2025-10-10: 18:52
[2025-05-10 22:15:01,791] INFO - 🔥 Havdalah ajouté pour 2025-10-11: 19:59
[2025-05-10 22:15:01,792] INFO - 🕯 Allumage ajouté pour 2025-10-13: 18:46
[2025-05-10 22:15:01,793] INFO - 🕯 Allumage ajouté pour 2025-10-14: 19:53
[2025-05-10 22:15:01,793] INFO - 🔥 Havdalah ajouté pour 2025-10-15: 19:51
[2025-05-10 22:15:01,794] INFO - 🕯 Allumage ajouté pour 2025-12-19: 16:37
[2025-05-10 22:15:01,795] INFO - 🔥 Havdalah ajouté pour 2025-12-20: 17:46
[2025-05-10 22:15:01,797] INFO - 🕘 Début du jeûne ajouté pour 2026-04-01: 20:03
[2025-05-10 22:15:01,798] INFO - 🕯 Allumage ajouté pour 2026-04-02: 21:13
[2025-05-10 22:15:01,803] INFO - 🕯 Allumage ajouté pour 2026-04-03: 20:06
[2025-05-10 22:15:01,805] INFO - 🔥 Havdalah ajouté pour 2026-04-04: 21:16
[2025-05-10 22:15:01,806] INFO - 🕯 Allumage ajouté pour 2026-04-07: 20:12
[2025-05-10 22:15:01,807] INFO - 🕯 Allumage ajouté pour 2026-04-08: 21:22
[2025-05-10 22:15:01,808] INFO - 🔥 Havdalah ajouté pour 2026-04-09: 21:23
[2025-05-10 22:15:01,809] INFO - 🕯 Allumage ajouté pour 2026-05-01: 20:47
[2025-05-10 22:15:01,810] INFO - 🕯 Allumage ajouté pour 2026-05-21: 21:15
[2025-05-10 22:15:01,810] INFO - 🕯 Allumage ajouté pour 2026-05-22: 21:16
[2025-05-10 22:15:01,811] INFO - 🔥 Havdalah ajouté pour 2026-05-23: 22:26
[2025-05-10 22:15:01,811] INFO - 📦 Total des fêtes renvoyées : 49
[2025-05-10 22:15:01,813] INFO - 127.0.0.1 - - [10/May/2025 22:15:01] "GET /fetes?ville=Paris&start=2025-08-26&end=2026-07-14 HTTP/1.1" 200 -
[2025-05-10 22:18:33,298] INFO -  * Detected change in 'D:\\Dropbox\\GitHub\\Agenda_Elodie\\app.py', reloading
[2025-05-10 22:18:38,741] INFO - Flask va démarrer sur le port 3000
[2025-05-10 22:18:38,773] WARNING -  * Debugger is active!
[2025-05-10 22:18:38,787] INFO -  * Debugger PIN: 363-886-414
[2025-05-10 22:18:38,923] INFO - ▶ Requête reçue sur /fetes
[2025-05-10 22:18:38,923] INFO - 📅 Période demandée : 2025-08-26 ➡ 2026-07-14 | geonameid=2988507
[2025-05-10 22:18:38,931] INFO - 🌐 Requête vers Hebcal API...
[2025-05-10 22:18:39,399] INFO - ✅ 174 événements récupérés depuis Hebcal
[2025-05-10 22:18:39,399] INFO - 🎉 Fête trouvée : Leil Selichot (2025-09-13)
[2025-05-10 22:18:39,400] INFO - 🎉 Fête trouvée : Erev Rosh Hashana (2025-09-22)
[2025-05-10 22:18:39,401] INFO - 🎉 Fête trouvée : Rosh Hashana 5786 (2025-09-23)
[2025-05-10 22:18:39,402] INFO - 🎉 Fête trouvée : Rosh Hashana II (2025-09-24)
[2025-05-10 22:18:39,402] INFO - 🎉 Fête trouvée : Tzom Gedaliah (2025-09-25)
[2025-05-10 22:18:39,403] INFO - 🎉 Fête trouvée : Erev Yom Kippur (2025-10-01)
[2025-05-10 22:18:39,403] INFO - 🎉 Fête trouvée : Yom Kippur (2025-10-02)
[2025-05-10 22:18:39,404] INFO - 🎉 Fête trouvée : Erev Sukkot (2025-10-06)
[2025-05-10 22:18:39,405] INFO - 🎉 Fête trouvée : Sukkot I (2025-10-07)
[2025-05-10 22:18:39,406] INFO - 🎉 Fête trouvée : Sukkot II (2025-10-08)
[2025-05-10 22:18:39,407] INFO - 🎉 Fête trouvée : Sukkot III (CH’’M) (2025-10-09)
[2025-05-10 22:18:39,408] INFO - 🎉 Fête trouvée : Sukkot IV (CH’’M) (2025-10-10)
[2025-05-10 22:18:39,409] INFO - 🎉 Fête trouvée : Sukkot V (CH’’M) (2025-10-11)
[2025-05-10 22:18:39,410] INFO - 🎉 Fête trouvée : Sukkot VI (CH’’M) (2025-10-12)
[2025-05-10 22:18:39,410] INFO - 🎉 Fête trouvée : Sukkot VII (Hoshana Raba) (2025-10-13)
[2025-05-10 22:18:39,411] INFO - 🎉 Fête trouvée : Shmini Atzeret (2025-10-14)
[2025-05-10 22:18:39,412] INFO - 🎉 Fête trouvée : Simchat Torah (2025-10-15)
[2025-05-10 22:18:39,412] INFO - 🎉 Fête trouvée : Chanukah: 1 Candle (2025-12-14)
[2025-05-10 22:18:39,412] INFO - 🎉 Fête trouvée : Chanukah: 2 Candles (2025-12-15)
[2025-05-10 22:18:39,413] INFO - 🎉 Fête trouvée : Chanukah: 3 Candles (2025-12-16)
[2025-05-10 22:18:39,417] INFO - 🎉 Fête trouvée : Chanukah: 4 Candles (2025-12-17)
[2025-05-10 22:18:39,418] INFO - 🎉 Fête trouvée : Chanukah: 5 Candles (2025-12-18)
[2025-05-10 22:18:39,419] INFO - 🎉 Fête trouvée : Chanukah: 6 Candles (2025-12-19)
[2025-05-10 22:18:39,420] INFO - 🎉 Fête trouvée : Chag HaBanot (2025-12-20)
[2025-05-10 22:18:39,421] INFO - 🎉 Fête trouvée : Chanukah: 7 Candles (2025-12-20)
[2025-05-10 22:18:39,421] INFO - 🎉 Fête trouvée : Chanukah: 8 Candles (2025-12-21)
[2025-05-10 22:18:39,422] INFO - 🎉 Fête trouvée : Chanukah: 8th Day (2025-12-22)
[2025-05-10 22:18:39,423] INFO - 🎉 Fête trouvée : Asara B’Tevet (2025-12-30)
[2025-05-10 22:18:39,424] INFO - 🎉 Fête trouvée : Tu BiShvat (2026-02-02)
[2025-05-10 22:18:39,424] INFO - 🎉 Fête trouvée : Ta’anit Esther (2026-03-02)
[2025-05-10 22:18:39,425] INFO - 🎉 Fête trouvée : Erev Purim (2026-03-02)
[2025-05-10 22:18:39,426] INFO - 🎉 Fête trouvée : Purim (2026-03-03)
[2025-05-10 22:18:39,426] INFO - 🎉 Fête trouvée : Shushan Purim (2026-03-04)
[2025-05-10 22:18:39,426] INFO - 🎉 Fête trouvée : Ta’anit Bechorot (2026-04-01)
[2025-05-10 22:18:39,427] INFO - 🎉 Fête trouvée : Erev Pesach (2026-04-01)
[2025-05-10 22:18:39,428] INFO - 🎉 Fête trouvée : Pesach I (2026-04-02)
[2025-05-10 22:18:39,429] INFO - 🎉 Fête trouvée : Pesach II (2026-04-03)
[2025-05-10 22:18:39,429] INFO - 🎉 Fête trouvée : Pesach III (CH’’M) (2026-04-04)
[2025-05-10 22:18:39,434] INFO - 🎉 Fête trouvée : Pesach IV (CH’’M) (2026-04-05)
[2025-05-10 22:18:39,437] INFO - 🎉 Fête trouvée : Pesach V (CH’’M) (2026-04-06)
[2025-05-10 22:18:39,437] INFO - 🎉 Fête trouvée : Pesach VI (CH’’M) (2026-04-07)
[2025-05-10 22:18:39,437] INFO - 🎉 Fête trouvée : Pesach VII (2026-04-08)
[2025-05-10 22:18:39,437] INFO - 🎉 Fête trouvée : Pesach VIII (2026-04-09)
[2025-05-10 22:18:39,438] INFO - 🎉 Fête trouvée : Pesach Sheni (2026-05-01)
[2025-05-10 22:18:39,439] INFO - 🎉 Fête trouvée : Lag BaOmer (2026-05-05)
[2025-05-10 22:18:39,439] INFO - 🎉 Fête trouvée : Erev Shavuot (2026-05-21)
[2025-05-10 22:18:39,440] INFO - 🎉 Fête trouvée : Shavuot I (2026-05-22)
[2025-05-10 22:18:39,440] INFO - 🎉 Fête trouvée : Shavuot II (2026-05-23)
[2025-05-10 22:18:39,441] INFO - 🎉 Fête trouvée : Tzom Tammuz (2026-07-02)
[2025-05-10 22:18:39,442] INFO - 🔥 Havdalah ajouté pour 2025-09-13: 20:57
[2025-05-10 22:18:39,443] INFO - 🕯 Allumage ajouté pour 2025-09-22: 19:30
[2025-05-10 22:18:39,443] INFO - 🕯 Allumage ajouté pour 2025-09-23: 20:36
[2025-05-10 22:18:39,444] INFO - 🔥 Havdalah ajouté pour 2025-09-24: 20:34
[2025-05-10 22:18:39,445] INFO - 🕯 Allumage ajouté pour 2025-10-01: 19:11
[2025-05-10 22:18:39,446] INFO - 🔥 Havdalah ajouté pour 2025-10-02: 20:17
[2025-05-10 22:18:39,454] INFO - 🕯 Allumage ajouté pour 2025-10-06: 19:00
[2025-05-10 22:18:39,455] INFO - 🕯 Allumage ajouté pour 2025-10-07: 20:07
[2025-05-10 22:18:39,455] INFO - 🔥 Havdalah ajouté pour 2025-10-08: 20:05
[2025-05-10 22:18:39,456] INFO - 🕯 Allumage ajouté pour 2025-10-10: 18:52
[2025-05-10 22:18:39,457] INFO - 🔥 Havdalah ajouté pour 2025-10-11: 19:59
[2025-05-10 22:18:39,458] INFO - 🕯 Allumage ajouté pour 2025-10-13: 18:46
[2025-05-10 22:18:39,458] INFO - 🕯 Allumage ajouté pour 2025-10-14: 19:53
[2025-05-10 22:18:39,459] INFO - 🔥 Havdalah ajouté pour 2025-10-15: 19:51
[2025-05-10 22:18:39,460] INFO - 🕯 Allumage ajouté pour 2025-12-19: 16:37
[2025-05-10 22:18:39,461] INFO - 🔥 Havdalah ajouté pour 2025-12-20: 17:46
[2025-05-10 22:18:39,463] INFO - 🕯 Allumage ajouté pour 2026-04-01: 20:03
[2025-05-10 22:18:39,469] INFO - 🕯 Allumage ajouté pour 2026-04-02: 21:13
[2025-05-10 22:18:39,470] INFO - 🕯 Allumage ajouté pour 2026-04-03: 20:06
[2025-05-10 22:18:39,471] INFO - 🔥 Havdalah ajouté pour 2026-04-04: 21:16
[2025-05-10 22:18:39,472] INFO - 🕯 Allumage ajouté pour 2026-04-07: 20:12
[2025-05-10 22:18:39,472] INFO - 🕯 Allumage ajouté pour 2026-04-08: 21:22
[2025-05-10 22:18:39,474] INFO - 🔥 Havdalah ajouté pour 2026-04-09: 21:23
[2025-05-10 22:18:39,474] INFO - 🕯 Allumage ajouté pour 2026-05-01: 20:47
[2025-05-10 22:18:39,475] INFO - 🕯 Allumage ajouté pour 2026-05-21: 21:15
[2025-05-10 22:18:39,475] INFO - 🕯 Allumage ajouté pour 2026-05-22: 21:16
[2025-05-10 22:18:39,476] INFO - 🔥 Havdalah ajouté pour 2026-05-23: 22:26
[2025-05-10 22:18:39,477] INFO - 📦 Total des fêtes renvoyées : 49
[2025-05-10 22:18:39,478] INFO - 127.0.0.1 - - [10/May/2025 22:18:39] "GET /fetes?ville=Paris&start=2025-08-26&end=2026-07-14 HTTP/1.1" 200 -
[2025-05-10 22:20:59,933] INFO -  * Detected change in 'D:\\Dropbox\\GitHub\\Agenda_Elodie\\app.py', reloading
[2025-05-10 22:21:06,877] INFO - Flask va démarrer sur le port 3000
[2025-05-10 22:21:06,901] WARNING -  * Debugger is active!
[2025-05-10 22:21:06,913] INFO -  * Debugger PIN: 363-886-414
[2025-05-10 22:22:40,605] INFO -  * Detected change in 'D:\\Dropbox\\GitHub\\Agenda_Elodie\\app.py', reloading
[2025-05-10 22:22:46,344] INFO - Flask va démarrer sur le port 3000
[2025-05-10 22:22:46,367] WARNING -  * Debugger is active!
[2025-05-10 22:22:46,380] INFO -  * Debugger PIN: 363-886-414
[2025-05-10 22:22:49,083] INFO - ▶ Requête reçue sur /fetes
[2025-05-10 22:22:49,084] INFO - 📅 Période demandée : 2025-09-21 ➡ 2025-09-27 | geonameid=2988507
[2025-05-10 22:22:49,092] INFO - 🌐 Requête vers Hebcal API...
[2025-05-10 22:22:49,550] INFO - ✅ 11 événements récupérés depuis Hebcal
[2025-05-10 22:22:49,551] INFO - 🎉 Fête trouvée : Erev Rosh Hashana (2025-09-22)
[2025-05-10 22:22:49,551] INFO - 🎉 Fête trouvée : Rosh Hashana 5786 (2025-09-23)
[2025-05-10 22:22:49,552] INFO - 🎉 Fête trouvée : Rosh Hashana II (2025-09-24)
[2025-05-10 22:22:49,552] INFO - 🎉 Fête trouvée : Tzom Gedaliah (2025-09-25)
[2025-05-10 22:22:49,553] INFO - 🕯 Allumage ajouté pour 2025-09-22: 19:30
[2025-05-10 22:22:49,554] INFO - 🕯 Allumage ajouté pour 2025-09-23: 23:56
[2025-05-10 22:22:49,554] INFO - 🔥 Havdalah ajouté pour 2025-09-24: 23:54
[2025-05-10 22:22:49,555] INFO - 📦 Total des fêtes renvoyées : 4
[2025-05-10 22:22:49,556] INFO - 127.0.0.1 - - [10/May/2025 22:22:49] "GET /fetes?ville=Paris&start=2025-09-21&end=2025-09-27 HTTP/1.1" 200 -
[2025-05-10 22:23:26,333] INFO - ▶ Requête reçue sur /fetes
[2025-05-10 22:23:26,336] INFO - 📅 Période demandée : 2025-09-21 ➡ 2025-09-27 | geonameid=2988507
[2025-05-10 22:23:26,342] INFO - 🌐 Requête vers Hebcal API...
[2025-05-10 22:23:26,830] INFO - ✅ 11 événements récupérés depuis Hebcal
[2025-05-10 22:23:26,831] INFO - 🎉 Fête trouvée : Erev Rosh Hashana (2025-09-22)
[2025-05-10 22:23:26,831] INFO - 🎉 Fête trouvée : Rosh Hashana 5786 (2025-09-23)
[2025-05-10 22:23:26,832] INFO - 🎉 Fête trouvée : Rosh Hashana II (2025-09-24)
[2025-05-10 22:23:26,832] INFO - 🎉 Fête trouvée : Tzom Gedaliah (2025-09-25)
[2025-05-10 22:23:41,699] INFO - 🕯 Allumage ajouté pour 2025-09-22: 19:30
[2025-05-10 22:23:46,798] INFO - 🕯 Allumage ajouté pour 2025-09-23: 23:56
[2025-05-10 22:23:53,645] INFO - 🔥 Havdalah ajouté pour 2025-09-24: 23:54
[2025-05-10 22:26:42,759] INFO - 📦 Total des fêtes renvoyées : 4
[2025-05-10 22:26:42,764] INFO - 127.0.0.1 - - [10/May/2025 22:26:42] "GET /fetes?ville=Paris&start=2025-09-21&end=2025-09-27 HTTP/1.1" 200 -
[2025-05-10 22:26:58,838] INFO - ▶ Requête reçue sur /fetes
[2025-05-10 22:26:58,840] INFO - 📅 Période demandée : 2025-09-24 ➡ 2025-09-27 | geonameid=2988507
[2025-05-10 22:26:58,841] INFO - 🌐 Requête vers Hebcal API...
[2025-05-10 22:26:59,314] INFO - ✅ 7 événements récupérés depuis Hebcal
[2025-05-10 22:26:59,317] INFO - 🎉 Fête trouvée : Rosh Hashana II (2025-09-24)
[2025-05-10 22:26:59,317] INFO - 🎉 Fête trouvée : Tzom Gedaliah (2025-09-25)
[2025-05-10 22:30:46,125] INFO -  * Detected change in 'D:\\Dropbox\\GitHub\\Agenda_Elodie\\app.py', reloading
[2025-05-10 22:30:48,185] INFO - 🔥 Havdalah ajouté pour 2025-09-24: 23:54
[2025-05-10 22:30:48,412] INFO - 📦 Total des fêtes renvoyées : 2
[2025-05-10 22:30:48,413] INFO - 127.0.0.1 - - [10/May/2025 22:30:48] "GET /fetes?ville=Paris&start=2025-09-24&end=2025-09-27 HTTP/1.1" 200 -
[2025-05-10 22:30:52,868] INFO - Flask va démarrer sur le port 3000
[2025-05-10 22:30:53,041] WARNING -  * Debugger is active!
[2025-05-10 22:30:53,066] INFO -  * Debugger PIN: 363-886-414
[2025-05-10 22:30:53,257] INFO - ▶ Requête reçue sur /fetes
[2025-05-10 22:30:53,260] INFO - 📅 Période demandée : 2025-09-24 ➡ 2025-09-27 | geonameid=2988507
[2025-05-10 22:30:53,280] INFO - 🌐 Requête vers Hebcal API...
[2025-05-10 22:30:53,799] INFO - ✅ 7 événements récupérés depuis Hebcal
[2025-05-10 22:30:53,800] INFO - 🎉 Fête trouvée : Rosh Hashana II (2025-09-24)
[2025-05-10 22:30:53,801] INFO - 🎉 Fête trouvée : Tzom Gedaliah (2025-09-25)
[2025-05-10 22:31:51,996] INFO - 🔥 Havdalah ajouté pour 2025-09-24: 23:54
[2025-05-10 22:31:57,430] INFO -  * Detected change in 'D:\\Dropbox\\GitHub\\Agenda_Elodie\\app.py', reloading
[2025-05-10 22:31:59,298] INFO - 📦 Total des fêtes renvoyées : 2
[2025-05-10 22:31:59,315] INFO - 127.0.0.1 - - [10/May/2025 22:31:59] "GET /fetes?ville=Paris&start=2025-09-24&end=2025-09-27 HTTP/1.1" 200 -
[2025-05-10 22:32:04,327] INFO - Flask va démarrer sur le port 3000
[2025-05-10 22:32:04,350] WARNING -  * Debugger is active!
[2025-05-10 22:32:04,364] INFO -  * Debugger PIN: 363-886-414
[2025-05-10 22:32:11,203] INFO - ▶ Requête reçue sur /fetes
[2025-05-10 22:32:11,206] INFO - 📅 Période demandée : 2025-09-24 ➡ 2025-09-27 | geonameid=2988507
[2025-05-10 22:32:11,222] INFO - 🌐 Requête vers Hebcal API...
[2025-05-10 22:32:11,752] INFO - ✅ 7 événements récupérés depuis Hebcal
[2025-05-10 22:32:11,752] INFO - 🎉 Fête trouvée : Rosh Hashana II (2025-09-24)
[2025-05-10 22:32:11,752] INFO - 🎉 Fête trouvée : Tzom Gedaliah (2025-09-25)
[2025-05-10 22:32:11,753] INFO - 🔥 Havdalah ajouté pour 2025-09-24: 20:31
[2025-05-10 22:32:11,754] INFO - 📦 Total des fêtes renvoyées : 2
[2025-05-10 22:32:11,759] INFO - 127.0.0.1 - - [10/May/2025 22:32:11] "GET /fetes?ville=Paris&start=2025-09-24&end=2025-09-27 HTTP/1.1" 200 -
[2025-05-10 22:32:34,583] INFO - ▶ Requête reçue sur /fetes
[2025-05-10 22:32:34,585] INFO - 📅 Période demandée : 2025-09-24 ➡ 2025-09-27 | geonameid=2988507
[2025-05-10 22:32:34,586] INFO - 🌐 Requête vers Hebcal API...
[2025-05-10 22:32:35,038] INFO - ✅ 7 événements récupérés depuis Hebcal
[2025-05-10 22:32:35,039] INFO - 🎉 Fête trouvée : Rosh Hashana II (2025-09-24)
[2025-05-10 22:32:35,040] INFO - 🎉 Fête trouvée : Tzom Gedaliah (2025-09-25)
[2025-05-10 22:32:38,557] INFO - 🔥 Havdalah ajouté pour 2025-09-24: 20:31
[2025-05-10 22:33:34,202] INFO -  * Detected change in 'D:\\Dropbox\\GitHub\\Agenda_Elodie\\app.py', reloading
[2025-05-10 22:33:35,318] INFO - 📦 Total des fêtes renvoyées : 2
[2025-05-10 22:33:35,323] INFO - 127.0.0.1 - - [10/May/2025 22:33:35] "GET /fetes?ville=Paris&start=2025-09-24&end=2025-09-27 HTTP/1.1" 200 -
[2025-05-10 22:33:38,880] INFO - Flask va démarrer sur le port 3000
[2025-05-10 22:33:38,937] WARNING -  * Debugger is active!
[2025-05-10 22:33:38,950] INFO -  * Debugger PIN: 363-886-414
[2025-05-10 22:33:40,567] INFO - ▶ Requête reçue sur /fetes
[2025-05-10 22:33:40,568] INFO - 📅 Période demandée : 2025-09-24 ➡ 2025-09-27 | geonameid=2988507
[2025-05-10 22:33:40,576] INFO - 🌐 Requête vers Hebcal API...
[2025-05-10 22:33:41,053] INFO - ✅ 7 événements récupérés depuis Hebcal
[2025-05-10 22:33:41,054] INFO - 🎉 Fête trouvée : Rosh Hashana II (2025-09-24)
[2025-05-10 22:33:41,055] INFO - 🎉 Fête trouvée : Tzom Gedaliah (2025-09-25)
[2025-05-10 22:33:41,058] INFO - 🔥 Havdalah ajouté pour 2025-09-24: 20:31
[2025-05-10 22:33:41,060] INFO - 🕘 Début du jeûne ajouté pour 2025-09-25: Fast begins
[2025-05-10 22:33:41,062] INFO - 🕯 Allumage ajouté pour 2025-09-25: Fast ends
[2025-05-10 22:33:41,062] INFO - 📦 Total des fêtes renvoyées : 2
[2025-05-10 22:33:41,063] INFO - 127.0.0.1 - - [10/May/2025 22:33:41] "GET /fetes?ville=Paris&start=2025-09-24&end=2025-09-27 HTTP/1.1" 200 -
[2025-05-10 22:33:51,868] INFO - ▶ Requête reçue sur /fetes
[2025-05-10 22:33:51,871] INFO - 📅 Période demandée : 2025-09-24 ➡ 2025-09-27 | geonameid=2988507
[2025-05-10 22:33:51,873] INFO - 🌐 Requête vers Hebcal API...
[2025-05-10 22:33:52,337] INFO - ✅ 7 événements récupérés depuis Hebcal
[2025-05-10 22:33:52,337] INFO - 🎉 Fête trouvée : Rosh Hashana II (2025-09-24)
[2025-05-10 22:33:52,338] INFO - 🎉 Fête trouvée : Tzom Gedaliah (2025-09-25)
[2025-05-10 22:34:04,939] INFO - 🔥 Havdalah ajouté pour 2025-09-24: 20:31
[2025-05-10 22:36:35,188] INFO - 🕘 Début du jeûne ajouté pour 2025-09-25: Fast begins
[2025-05-10 22:36:37,280] INFO - 🕯 Allumage ajouté pour 2025-09-25: Fast ends
[2025-05-10 22:36:37,281] INFO - 📦 Total des fêtes renvoyées : 2
[2025-05-10 22:36:37,290] INFO - 127.0.0.1 - - [10/May/2025 22:36:37] "GET /fetes?ville=Paris&start=2025-09-24&end=2025-09-27 HTTP/1.1" 200 -
[2025-05-10 22:36:39,706] INFO -  * Detected change in 'D:\\Dropbox\\GitHub\\Agenda_Elodie\\app.py', reloading
[2025-05-10 22:36:45,972] INFO - Flask va démarrer sur le port 3000
[2025-05-10 22:36:46,001] WARNING -  * Debugger is active!
[2025-05-10 22:36:46,020] INFO -  * Debugger PIN: 363-886-414
[2025-05-10 22:36:48,503] INFO - ▶ Requête reçue sur /fetes
[2025-05-10 22:36:48,582] INFO - 📅 Période demandée : 2025-09-24 ➡ 2025-09-27 | geonameid=2988507
[2025-05-10 22:36:48,687] INFO - 🌐 Requête vers Hebcal API...
[2025-05-10 22:36:49,218] INFO - ✅ 7 événements récupérés depuis Hebcal
[2025-05-10 22:36:49,219] INFO - 🎉 Fête trouvée : Rosh Hashana II (2025-09-24)
[2025-05-10 22:36:49,220] INFO - 🎉 Fête trouvée : Tzom Gedaliah (2025-09-25)
[2025-05-10 22:36:49,222] INFO - 🔥 Havdalah ajouté pour 2025-09-24: 20:31
[2025-05-10 22:36:49,222] INFO - 🕘 Début du jeûne ajouté pour 2025-09-25: Fast begins
[2025-05-10 22:36:49,223] INFO - 🕯 Allumage ajouté pour 2025-09-25: Fast ends
[2025-05-10 22:36:49,224] INFO - 📦 Total des fêtes renvoyées : 2
[2025-05-10 22:36:49,227] INFO - 127.0.0.1 - - [10/May/2025 22:36:49] "GET /fetes?ville=Paris&start=2025-09-24&end=2025-09-27 HTTP/1.1" 200 -
[2025-05-10 22:37:37,590] INFO -  * Detected change in 'D:\\Dropbox\\GitHub\\Agenda_Elodie\\app.py', reloading
[2025-05-10 22:37:44,579] INFO - Flask va démarrer sur le port 3000
[2025-05-10 22:37:44,601] WARNING -  * Debugger is active!
[2025-05-10 22:37:44,613] INFO -  * Debugger PIN: 363-886-414
[2025-05-10 22:37:47,530] INFO - ▶ Requête reçue sur /fetes
[2025-05-10 22:37:47,531] INFO - 📅 Période demandée : 2025-09-24 ➡ 2025-09-27 | geonameid=2988507
[2025-05-10 22:37:47,537] INFO - 🌐 Requête vers Hebcal API...
[2025-05-10 22:37:48,002] INFO - ✅ 7 événements récupérés depuis Hebcal
[2025-05-10 22:37:48,003] INFO - 🎉 Fête trouvée : Rosh Hashana II (2025-09-24)
[2025-05-10 22:37:48,004] INFO - 🎉 Fête trouvée : Tzom Gedaliah (2025-09-25)
[2025-05-10 22:37:48,006] INFO - 🔥 Havdalah ajoutée pour 2025-09-24: 20:31
[2025-05-10 22:37:48,007] INFO - 📦 Total des fêtes renvoyées : 2
[2025-05-10 22:37:48,011] INFO - 127.0.0.1 - - [10/May/2025 22:37:48] "GET /fetes?ville=Paris&start=2025-09-24&end=2025-09-27 HTTP/1.1" 200 -
[2025-05-10 22:38:10,761] INFO -  * Detected change in 'D:\\Dropbox\\GitHub\\Agenda_Elodie\\app.py', reloading
[2025-05-10 22:38:15,927] INFO - Flask va démarrer sur le port 3000
[2025-05-10 22:38:15,954] WARNING -  * Debugger is active!
[2025-05-10 22:38:15,964] INFO -  * Debugger PIN: 363-886-414
[2025-05-10 22:38:18,062] INFO - ▶ Requête reçue sur /fetes
[2025-05-10 22:38:18,062] INFO - 📅 Période demandée : 2025-09-24 ➡ 2025-09-27 | geonameid=2988507
[2025-05-10 22:38:18,072] INFO - 🌐 Requête vers Hebcal API...
[2025-05-10 22:38:18,540] INFO - ✅ 7 événements récupérés depuis Hebcal
[2025-05-10 22:38:18,540] INFO - 🎉 Fête trouvée : Rosh Hashana II (2025-09-24)
[2025-05-10 22:38:18,541] INFO - 🔥 Havdalah ajoutée pour 2025-09-24: 20:31
[2025-05-10 22:38:18,542] INFO - 🎉 Fête trouvée : Tzom Gedaliah (2025-09-25)
[2025-05-10 22:38:18,542] INFO - 🔥 Havdalah ajoutée pour 2025-09-24: 20:31
[2025-05-10 22:38:18,543] INFO - 📦 Total des fêtes renvoyées : 2
[2025-05-10 22:38:18,543] INFO - 127.0.0.1 - - [10/May/2025 22:38:18] "GET /fetes?ville=Paris&start=2025-09-24&end=2025-09-27 HTTP/1.1" 200 -
[2025-05-10 22:38:27,490] INFO -  * Detected change in 'D:\\Dropbox\\GitHub\\Agenda_Elodie\\app.py', reloading
[2025-05-10 22:38:32,316] INFO - Flask va démarrer sur le port 3000
[2025-05-10 22:38:32,337] WARNING -  * Debugger is active!
[2025-05-10 22:38:32,350] INFO -  * Debugger PIN: 363-886-414
[2025-05-10 22:38:36,137] INFO - ▶ Requête reçue sur /fetes
[2025-05-10 22:38:36,137] INFO - 📅 Période demandée : 2025-09-24 ➡ 2025-09-27 | geonameid=2988507
[2025-05-10 22:38:36,144] INFO - 🌐 Requête vers Hebcal API...
[2025-05-10 22:38:36,613] INFO - ✅ 7 événements récupérés depuis Hebcal
[2025-05-10 22:38:36,622] INFO - 🎉 Fête trouvée : Rosh Hashana II (2025-09-24)
[2025-05-10 22:38:36,656] INFO - 🎉 Fête trouvée : Tzom Gedaliah (2025-09-25)
[2025-05-10 22:38:36,660] INFO - 🔥 Havdalah ajoutée pour 2025-09-24: 20:31
[2025-05-10 22:38:36,662] INFO - 📦 Total des fêtes renvoyées : 2
[2025-05-10 22:38:36,664] INFO - 127.0.0.1 - - [10/May/2025 22:38:36] "GET /fetes?ville=Paris&start=2025-09-24&end=2025-09-27 HTTP/1.1" 200 -
[2025-05-10 22:38:41,572] INFO -  * Detected change in 'D:\\Dropbox\\GitHub\\Agenda_Elodie\\app.py', reloading
[2025-05-10 22:38:52,099] INFO - Flask va démarrer sur le port 3000
[2025-05-10 22:38:52,168] WARNING -  * Debugger is active!
[2025-05-10 22:38:52,197] INFO -  * Debugger PIN: 363-886-414
[2025-05-10 22:38:54,719] INFO - ▶ Requête reçue sur /fetes
[2025-05-10 22:38:54,721] INFO - 📅 Période demandée : 2025-09-24 ➡ 2025-09-27 | geonameid=2988507
[2025-05-10 22:38:54,729] INFO - 🌐 Requête vers Hebcal API...
[2025-05-10 22:38:55,184] INFO - ✅ 7 événements récupérés depuis Hebcal
[2025-05-10 22:38:55,185] INFO - 🎉 Fête trouvée : Rosh Hashana II (2025-09-24)
[2025-05-10 22:38:55,186] INFO - 🎉 Fête trouvée : Tzom Gedaliah (2025-09-25)
[2025-05-10 22:38:55,188] INFO - 🔥 Havdalah ajouté pour 2025-09-24: 20:31
[2025-05-10 22:38:55,190] INFO - 📦 Total des fêtes renvoyées : 2
[2025-05-10 22:38:55,193] INFO - 127.0.0.1 - - [10/May/2025 22:38:55] "GET /fetes?ville=Paris&start=2025-09-24&end=2025-09-27 HTTP/1.1" 200 -
[2025-05-10 22:38:56,797] INFO - ▶ Requête reçue sur /fetes
[2025-05-10 22:38:56,798] INFO - 📅 Période demandée : 2025-09-24 ➡ 2025-09-27 | geonameid=2988507
[2025-05-10 22:38:56,799] INFO - 🌐 Requête vers Hebcal API...
[2025-05-10 22:38:57,260] INFO - ✅ 7 événements récupérés depuis Hebcal
[2025-05-10 22:38:57,261] INFO - 🎉 Fête trouvée : Rosh Hashana II (2025-09-24)
[2025-05-10 22:38:57,261] INFO - 🎉 Fête trouvée : Tzom Gedaliah (2025-09-25)
[2025-05-10 22:38:57,263] INFO - 🔥 Havdalah ajouté pour 2025-09-24: 20:31
[2025-05-10 22:38:57,265] INFO - 📦 Total des fêtes renvoyées : 2
[2025-05-10 22:38:57,266] INFO - 127.0.0.1 - - [10/May/2025 22:38:57] "GET /fetes?ville=Paris&start=2025-09-24&end=2025-09-27 HTTP/1.1" 200 -
[2025-05-10 22:39:04,754] INFO -  * Detected change in 'D:\\Dropbox\\GitHub\\Agenda_Elodie\\app.py', reloading
[2025-05-10 22:39:10,482] INFO - Flask va démarrer sur le port 3000
[2025-05-10 22:39:10,505] WARNING -  * Debugger is active!
[2025-05-10 22:39:10,518] INFO -  * Debugger PIN: 363-886-414
[2025-05-10 22:39:34,836] INFO - ▶ Requête reçue sur /fetes
[2025-05-10 22:39:34,837] INFO - 📅 Période demandée : 2025-09-24 ➡ 2025-09-27 | geonameid=2988507
[2025-05-10 22:39:34,844] INFO - 🌐 Requête vers Hebcal API...
[2025-05-10 22:39:35,328] INFO - ✅ 7 événements récupérés depuis Hebcal
[2025-05-10 22:39:35,328] INFO - 🎉 Fête trouvée : Rosh Hashana II (2025-09-24)
[2025-05-10 22:39:35,329] INFO - 🎉 Fête trouvée : Tzom Gedaliah (2025-09-25)
[2025-05-10 22:39:35,330] INFO - 🔥 Havdalah ajouté pour 2025-09-24: 20:31
[2025-05-10 22:39:35,330] INFO - 🕘 Début du jeûne ajouté pour 2025-09-25: Fast begins
[2025-05-10 22:39:35,331] INFO - 🕯 Allumage ajouté pour 2025-09-25: Fast ends
[2025-05-10 22:39:35,332] INFO - 📦 Total des fêtes renvoyées : 2
[2025-05-10 22:39:35,340] INFO - 127.0.0.1 - - [10/May/2025 22:39:35] "GET /fetes?ville=Paris&start=2025-09-24&end=2025-09-27 HTTP/1.1" 200 -
[2025-05-10 22:40:26,119] INFO - ▶ Requête reçue sur /fetes
[2025-05-10 22:40:26,122] INFO - 📅 Période demandée : 2025-09-24 ➡ 2025-09-27 | geonameid=2988507
[2025-05-10 22:40:26,127] INFO - 🌐 Requête vers Hebcal API...
[2025-05-10 22:40:26,630] INFO - ✅ 7 événements récupérés depuis Hebcal
[2025-05-10 22:40:26,631] INFO - 🎉 Fête trouvée : Rosh Hashana II (2025-09-24)
[2025-05-10 22:40:26,631] INFO - 🎉 Fête trouvée : Tzom Gedaliah (2025-09-25)
[2025-05-10 22:40:26,632] INFO - 🔥 Havdalah ajouté pour 2025-09-24: 20:31
[2025-05-10 22:41:49,433] INFO - 🕘 Début du jeûne ajouté pour 2025-09-25: Fast begins
[2025-05-10 22:41:49,440] INFO - 🕯 Allumage ajouté pour 2025-09-25: Fast ends
[2025-05-10 22:41:49,451] INFO - 📦 Total des fêtes renvoyées : 2
[2025-05-10 22:41:49,456] INFO - 127.0.0.1 - - [10/May/2025 22:41:49] "GET /fetes?ville=Paris&start=2025-09-24&end=2025-09-27 HTTP/1.1" 200 -
[2025-05-10 22:41:49,539] INFO -  * Detected change in 'D:\\Dropbox\\GitHub\\Agenda_Elodie\\app.py', reloading
[2025-05-10 22:41:54,879] INFO - Flask va démarrer sur le port 3000
[2025-05-10 22:41:54,943] WARNING -  * Debugger is active!
[2025-05-10 22:41:54,957] INFO -  * Debugger PIN: 363-886-414
[2025-05-10 22:42:06,978] INFO - ▶ Requête reçue sur /fetes
[2025-05-10 22:42:06,979] INFO - 📅 Période demandée : 2025-09-24 ➡ 2025-09-27 | geonameid=2988507
[2025-05-10 22:42:06,986] INFO - 🌐 Requête vers Hebcal API...
[2025-05-10 22:42:07,446] INFO - ✅ 7 événements récupérés depuis Hebcal
[2025-05-10 22:42:07,447] INFO - 🎉 Fête trouvée : Rosh Hashana II (2025-09-24)
[2025-05-10 22:42:07,447] INFO - 🎉 Fête trouvée : Tzom Gedaliah (2025-09-25)
[2025-05-10 22:42:07,450] INFO - 🔥 Havdalah ajouté pour 2025-09-24: 20:31
[2025-05-10 22:42:07,451] INFO - 🕘 Début du jeûne ajouté pour 2025-09-25: Fast begins
[2025-05-10 22:42:07,451] INFO - 🕯 Allumage ajouté pour 2025-09-25: Fast ends
[2025-05-10 22:42:07,452] INFO - 📦 Total des fêtes renvoyées : 2
[2025-05-10 22:42:07,453] INFO - 127.0.0.1 - - [10/May/2025 22:42:07] "GET /fetes?ville=Paris&start=2025-09-24&end=2025-09-27 HTTP/1.1" 200 -
[2025-05-10 22:42:15,855] INFO -  * Detected change in 'D:\\Dropbox\\GitHub\\Agenda_Elodie\\app.py', reloading
[2025-05-10 22:42:22,324] INFO - Flask va démarrer sur le port 3000
[2025-05-10 22:42:22,366] WARNING -  * Debugger is active!
[2025-05-10 22:42:22,379] INFO -  * Debugger PIN: 363-886-414
[2025-05-10 22:42:50,016] INFO - ▶ Requête reçue sur /fetes
[2025-05-10 22:42:50,017] INFO - 📅 Période demandée : 2025-09-24 ➡ 2025-09-27 | geonameid=2988507
[2025-05-10 22:42:50,026] INFO - 🌐 Requête vers Hebcal API...
[2025-05-10 22:42:50,502] INFO - ✅ 7 événements récupérés depuis Hebcal
[2025-05-10 22:42:50,502] INFO - 🎉 Fête trouvée : Rosh Hashana II (2025-09-24)
[2025-05-10 22:42:50,503] INFO - 🎉 Fête trouvée : Tzom Gedaliah (2025-09-25)
[2025-05-10 22:42:50,504] INFO - 🔥 Havdalah ajouté pour 2025-09-24: 20:31
[2025-05-10 22:42:55,670] INFO - 🕘 Début du jeûne ajouté pour 2025-09-25: 06:07
[2025-05-10 22:42:55,672] INFO - 🕯 Allumage ajouté pour 2025-09-25: 20:20
[2025-05-10 22:42:55,673] INFO - 📦 Total des fêtes renvoyées : 2
[2025-05-10 22:42:55,677] INFO - 127.0.0.1 - - [10/May/2025 22:42:55] "GET /fetes?ville=Paris&start=2025-09-24&end=2025-09-27 HTTP/1.1" 200 -
[2025-05-10 22:43:04,880] INFO -  * Detected change in 'D:\\Dropbox\\GitHub\\Agenda_Elodie\\app.py', reloading
[2025-05-10 22:43:10,237] INFO - Flask va démarrer sur le port 3000
[2025-05-10 22:43:10,260] WARNING -  * Debugger is active!
[2025-05-10 22:43:10,272] INFO -  * Debugger PIN: 363-886-414
[2025-05-10 22:43:45,586] INFO - ▶ Requête reçue sur /fetes
[2025-05-10 22:43:45,587] INFO - 📅 Période demandée : 2025-08-01 ➡ 2025-09-27 | geonameid=2988507
[2025-05-10 22:43:45,594] INFO - 🌐 Requête vers Hebcal API...
[2025-05-10 22:43:46,061] INFO - ✅ 34 événements récupérés depuis Hebcal
[2025-05-10 22:43:46,062] INFO - 🎉 Fête trouvée : Erev Tish’a B’Av (2025-08-02)
[2025-05-10 22:43:46,062] INFO - 🎉 Fête trouvée : Tish’a B’Av (2025-08-03)
[2025-05-10 22:43:46,063] INFO - 🎉 Fête trouvée : Tu B’Av (2025-08-09)
[2025-05-10 22:43:46,063] INFO - 🎉 Fête trouvée : Rosh Hashana LaBehemot (2025-08-25)
[2025-05-10 22:43:46,063] INFO - 🎉 Fête trouvée : Leil Selichot (2025-09-13)
[2025-05-10 22:43:46,064] INFO - 🎉 Fête trouvée : Erev Rosh Hashana (2025-09-22)
[2025-05-10 22:43:46,065] INFO - 🎉 Fête trouvée : Rosh Hashana 5786 (2025-09-23)
[2025-05-10 22:43:46,065] INFO - 🎉 Fête trouvée : Rosh Hashana II (2025-09-24)
[2025-05-10 22:43:46,066] INFO - 🎉 Fête trouvée : Tzom Gedaliah (2025-09-25)
[2025-05-10 22:43:46,067] INFO - 🕘 Début du jeûne ajouté pour 2025-08-02: 21:27
[2025-05-10 22:43:46,068] INFO - 🕯 Allumage ajouté pour 2025-08-02: Erev Tish’a B’Av
[2025-05-10 22:43:46,069] INFO - 🕯 Allumage ajouté pour 2025-08-02: 22:23
[2025-05-10 22:43:46,070] INFO - 🕯 Allumage ajouté pour 2025-08-03: Tish’a B’Av
[2025-05-10 22:43:46,071] INFO - 🕯 Allumage ajouté pour 2025-08-03: 22:11
[2025-05-10 22:43:46,071] INFO - 🕯 Allumage ajouté pour 2025-08-09: Tu B’Av
[2025-05-10 22:43:46,072] INFO - 🕯 Allumage ajouté pour 2025-08-09: 22:10
[2025-05-10 22:43:46,073] INFO - 🕯 Allumage ajouté pour 2025-08-25: Rosh Hashana LaBehemot
[2025-05-10 22:43:46,074] INFO - 🕯 Allumage ajouté pour 2025-09-13: Leil Selichot
[2025-05-10 22:43:46,074] INFO - 🕯 Allumage ajouté pour 2025-09-13: 20:55
[2025-05-10 22:43:46,079] INFO - 🕯 Allumage ajouté pour 2025-09-22: Erev Rosh Hashana
[2025-05-10 22:43:46,080] INFO - 🕯 Allumage ajouté pour 2025-09-22: 19:30
[2025-05-10 22:43:46,081] INFO - 🕯 Allumage ajouté pour 2025-09-23: Rosh Hashana 5786
[2025-05-10 22:43:46,081] INFO - 🕯 Allumage ajouté pour 2025-09-23: 20:33
[2025-05-10 22:43:46,082] INFO - 🕯 Allumage ajouté pour 2025-09-24: Rosh Hashana II
[2025-05-10 22:43:46,083] INFO - 🕯 Allumage ajouté pour 2025-09-24: 20:31
[2025-05-10 22:43:46,083] INFO - 🕘 Début du jeûne ajouté pour 2025-09-25: 06:07
[2025-05-10 22:43:46,084] INFO - 🕯 Allumage ajouté pour 2025-09-25: Tzom Gedaliah
[2025-05-10 22:43:46,084] INFO - 🕯 Allumage ajouté pour 2025-09-25: 20:20
[2025-05-10 22:43:46,085] INFO - 📦 Total des fêtes renvoyées : 9
[2025-05-10 22:43:46,085] INFO - 127.0.0.1 - - [10/May/2025 22:43:46] "GET /fetes?ville=Paris&start=2025-08-01&end=2025-09-27 HTTP/1.1" 200 -
[2025-05-10 22:48:47,524] INFO - ▶ Requête reçue sur /fetes
[2025-05-10 22:48:47,525] INFO - 📅 Période demandée : 2025-08-01 ➡ 2025-09-27 | geonameid=2988507
[2025-05-10 22:48:47,527] INFO - 🌐 Requête vers Hebcal API...
[2025-05-10 22:48:47,990] INFO - ✅ 34 événements récupérés depuis Hebcal
[2025-05-10 22:48:47,991] INFO - 🎉 Fête trouvée : Erev Tish’a B’Av (2025-08-02)
[2025-05-10 22:48:47,991] INFO - 🎉 Fête trouvée : Tish’a B’Av (2025-08-03)
[2025-05-10 22:48:47,992] INFO - 🎉 Fête trouvée : Tu B’Av (2025-08-09)
[2025-05-10 22:48:47,993] INFO - 🎉 Fête trouvée : Rosh Hashana LaBehemot (2025-08-25)
[2025-05-10 22:48:47,993] INFO - 🎉 Fête trouvée : Leil Selichot (2025-09-13)
[2025-05-10 22:48:48,000] INFO - 🎉 Fête trouvée : Erev Rosh Hashana (2025-09-22)
[2025-05-10 22:48:48,002] INFO - 🎉 Fête trouvée : Rosh Hashana 5786 (2025-09-23)
[2025-05-10 22:48:48,003] INFO - 🎉 Fête trouvée : Rosh Hashana II (2025-09-24)
[2025-05-10 22:48:48,007] INFO - 🎉 Fête trouvée : Tzom Gedaliah (2025-09-25)
[2025-05-10 22:48:48,008] INFO - 🕘 Début du jeûne ajouté pour 2025-08-02: 21:27
[2025-05-10 22:48:48,009] INFO - 🕯 Allumage ajouté pour 2025-08-02: Erev Tish’a B’Av
[2025-05-10 22:48:48,010] INFO - 🕯 Allumage ajouté pour 2025-08-02: 22:23
[2025-05-10 22:48:48,017] INFO - 🕯 Allumage ajouté pour 2025-08-03: Tish’a B’Av
[2025-05-10 22:48:48,019] INFO - 🕯 Allumage ajouté pour 2025-08-03: 22:11
[2025-05-10 22:48:48,019] INFO - 🕯 Allumage ajouté pour 2025-08-09: Tu B’Av
[2025-05-10 22:48:48,021] INFO - 🕯 Allumage ajouté pour 2025-08-09: 22:10
[2025-05-10 22:48:48,023] INFO - 🕯 Allumage ajouté pour 2025-08-25: Rosh Hashana LaBehemot
[2025-05-10 22:48:48,023] INFO - 🕯 Allumage ajouté pour 2025-09-13: Leil Selichot
[2025-05-10 22:48:48,025] INFO - 🕯 Allumage ajouté pour 2025-09-13: 20:55
[2025-05-10 22:48:48,025] INFO - 🕯 Allumage ajouté pour 2025-09-22: Erev Rosh Hashana
[2025-05-10 22:48:48,026] INFO - 🕯 Allumage ajouté pour 2025-09-22: 19:30
[2025-05-10 22:48:48,026] INFO - 🕯 Allumage ajouté pour 2025-09-23: Rosh Hashana 5786
[2025-05-10 22:48:48,027] INFO - 🕯 Allumage ajouté pour 2025-09-23: 20:33
[2025-05-10 22:48:48,035] INFO - 🕯 Allumage ajouté pour 2025-09-24: Rosh Hashana II
[2025-05-10 22:48:48,036] INFO - 🕯 Allumage ajouté pour 2025-09-24: 20:31
[2025-05-10 22:48:48,037] INFO - 🕘 Début du jeûne ajouté pour 2025-09-25: 06:07
[2025-05-10 22:48:48,037] INFO - 🕯 Allumage ajouté pour 2025-09-25: Tzom Gedaliah
[2025-05-10 22:48:48,038] INFO - 🕯 Allumage ajouté pour 2025-09-25: 20:20
[2025-05-10 22:48:48,039] INFO - 📦 Total des fêtes renvoyées : 9
[2025-05-10 22:48:48,040] INFO - 127.0.0.1 - - [10/May/2025 22:48:48] "GET /fetes?ville=Paris&start=2025-08-01&end=2025-09-27 HTTP/1.1" 200 -
[2025-05-10 22:48:53,060] INFO - ▶ Requête reçue sur /fetes
[2025-05-10 22:48:53,061] INFO - 📅 Période demandée : 2025-08-01 ➡ 2026-09-27 | geonameid=2988507
[2025-05-10 22:48:53,062] INFO - 🌐 Requête vers Hebcal API...
[2025-05-10 22:48:53,562] INFO - ✅ 225 événements récupérés depuis Hebcal
[2025-05-10 22:48:53,563] INFO - 🎉 Fête trouvée : Erev Tish’a B’Av (2025-08-02)
[2025-05-10 22:48:53,563] INFO - 🎉 Fête trouvée : Tish’a B’Av (2025-08-03)
[2025-05-10 22:48:53,564] INFO - 🎉 Fête trouvée : Tu B’Av (2025-08-09)
[2025-05-10 22:48:53,564] INFO - 🎉 Fête trouvée : Rosh Hashana LaBehemot (2025-08-25)
[2025-05-10 22:48:53,567] INFO - 🎉 Fête trouvée : Leil Selichot (2025-09-13)
[2025-05-10 22:48:53,568] INFO - 🎉 Fête trouvée : Erev Rosh Hashana (2025-09-22)
[2025-05-10 22:48:53,568] INFO - 🎉 Fête trouvée : Rosh Hashana 5786 (2025-09-23)
[2025-05-10 22:48:53,570] INFO - 🎉 Fête trouvée : Rosh Hashana II (2025-09-24)
[2025-05-10 22:48:53,572] INFO - 🎉 Fête trouvée : Tzom Gedaliah (2025-09-25)
[2025-05-10 22:48:53,572] INFO - 🎉 Fête trouvée : Erev Yom Kippur (2025-10-01)
[2025-05-10 22:48:53,573] INFO - 🎉 Fête trouvée : Yom Kippur (2025-10-02)
[2025-05-10 22:48:53,574] INFO - 🎉 Fête trouvée : Erev Sukkot (2025-10-06)
[2025-05-10 22:48:53,575] INFO - 🎉 Fête trouvée : Sukkot I (2025-10-07)
[2025-05-10 22:48:53,576] INFO - 🎉 Fête trouvée : Sukkot II (2025-10-08)
[2025-05-10 22:48:53,576] INFO - 🎉 Fête trouvée : Sukkot III (CH’’M) (2025-10-09)
[2025-05-10 22:48:53,577] INFO - 🎉 Fête trouvée : Sukkot IV (CH’’M) (2025-10-10)
[2025-05-10 22:48:53,577] INFO - 🎉 Fête trouvée : Sukkot V (CH’’M) (2025-10-11)
[2025-05-10 22:48:53,578] INFO - 🎉 Fête trouvée : Sukkot VI (CH’’M) (2025-10-12)
[2025-05-10 22:48:53,579] INFO - 🎉 Fête trouvée : Sukkot VII (Hoshana Raba) (2025-10-13)
[2025-05-10 22:48:53,579] INFO - 🎉 Fête trouvée : Shmini Atzeret (2025-10-14)
[2025-05-10 22:48:53,579] INFO - 🎉 Fête trouvée : Simchat Torah (2025-10-15)
[2025-05-10 22:48:53,580] INFO - 🎉 Fête trouvée : Chanukah: 1 Candle (2025-12-14)
[2025-05-10 22:48:53,581] INFO - 🎉 Fête trouvée : Chanukah: 2 Candles (2025-12-15)
[2025-05-10 22:48:53,581] INFO - 🎉 Fête trouvée : Chanukah: 3 Candles (2025-12-16)
[2025-05-10 22:48:53,581] INFO - 🎉 Fête trouvée : Chanukah: 4 Candles (2025-12-17)
[2025-05-10 22:48:53,585] INFO - 🎉 Fête trouvée : Chanukah: 5 Candles (2025-12-18)
[2025-05-10 22:48:53,587] INFO - 🎉 Fête trouvée : Chanukah: 6 Candles (2025-12-19)
[2025-05-10 22:48:53,604] INFO - 🎉 Fête trouvée : Chag HaBanot (2025-12-20)
[2025-05-10 22:48:53,604] INFO - 🎉 Fête trouvée : Chanukah: 7 Candles (2025-12-20)
[2025-05-10 22:48:53,605] INFO - 🎉 Fête trouvée : Chanukah: 8 Candles (2025-12-21)
[2025-05-10 22:48:53,606] INFO - 🎉 Fête trouvée : Chanukah: 8th Day (2025-12-22)
[2025-05-10 22:48:53,606] INFO - 🎉 Fête trouvée : Asara B’Tevet (2025-12-30)
[2025-05-10 22:48:53,607] INFO - 🎉 Fête trouvée : Tu BiShvat (2026-02-02)
[2025-05-10 22:48:53,608] INFO - 🎉 Fête trouvée : Ta’anit Esther (2026-03-02)
[2025-05-10 22:48:53,609] INFO - 🎉 Fête trouvée : Erev Purim (2026-03-02)
[2025-05-10 22:48:53,609] INFO - 🎉 Fête trouvée : Purim (2026-03-03)
[2025-05-10 22:48:53,610] INFO - 🎉 Fête trouvée : Shushan Purim (2026-03-04)
[2025-05-10 22:48:53,611] INFO - 🎉 Fête trouvée : Ta’anit Bechorot (2026-04-01)
[2025-05-10 22:48:53,612] INFO - 🎉 Fête trouvée : Erev Pesach (2026-04-01)
[2025-05-10 22:48:53,612] INFO - 🎉 Fête trouvée : Pesach I (2026-04-02)
[2025-05-10 22:48:53,613] INFO - 🎉 Fête trouvée : Pesach II (2026-04-03)
[2025-05-10 22:48:53,614] INFO - 🎉 Fête trouvée : Pesach III (CH’’M) (2026-04-04)
[2025-05-10 22:48:53,614] INFO - 🎉 Fête trouvée : Pesach IV (CH’’M) (2026-04-05)
[2025-05-10 22:48:53,615] INFO - 🎉 Fête trouvée : Pesach V (CH’’M) (2026-04-06)
[2025-05-10 22:48:53,617] INFO - 🎉 Fête trouvée : Pesach VI (CH’’M) (2026-04-07)
[2025-05-10 22:48:53,619] INFO - 🎉 Fête trouvée : Pesach VII (2026-04-08)
[2025-05-10 22:48:53,620] INFO - 🎉 Fête trouvée : Pesach VIII (2026-04-09)
[2025-05-10 22:48:53,621] INFO - 🎉 Fête trouvée : Pesach Sheni (2026-05-01)
[2025-05-10 22:48:53,621] INFO - 🎉 Fête trouvée : Lag BaOmer (2026-05-05)
[2025-05-10 22:48:53,621] INFO - 🎉 Fête trouvée : Erev Shavuot (2026-05-21)
[2025-05-10 22:48:53,622] INFO - 🎉 Fête trouvée : Shavuot I (2026-05-22)
[2025-05-10 22:48:53,622] INFO - 🎉 Fête trouvée : Shavuot II (2026-05-23)
[2025-05-10 22:48:53,622] INFO - 🎉 Fête trouvée : Tzom Tammuz (2026-07-02)
[2025-05-10 22:48:53,623] INFO - 🎉 Fête trouvée : Erev Tish’a B’Av (2026-07-22)
[2025-05-10 22:48:53,623] INFO - 🎉 Fête trouvée : Tish’a B’Av (2026-07-23)
[2025-05-10 22:48:53,623] INFO - 🎉 Fête trouvée : Tu B’Av (2026-07-29)
[2025-05-10 22:48:53,624] INFO - 🎉 Fête trouvée : Rosh Hashana LaBehemot (2026-08-14)
[2025-05-10 22:48:53,624] INFO - 🎉 Fête trouvée : Leil Selichot (2026-09-05)
[2025-05-10 22:48:53,625] INFO - 🎉 Fête trouvée : Erev Rosh Hashana (2026-09-11)
[2025-05-10 22:48:53,625] INFO - 🎉 Fête trouvée : Rosh Hashana 5787 (2026-09-12)
[2025-05-10 22:48:53,625] INFO - 🎉 Fête trouvée : Rosh Hashana II (2026-09-13)
[2025-05-10 22:48:53,625] INFO - 🎉 Fête trouvée : Tzom Gedaliah (2026-09-14)
[2025-05-10 22:48:53,626] INFO - 🎉 Fête trouvée : Erev Yom Kippur (2026-09-20)
[2025-05-10 22:48:53,626] INFO - 🎉 Fête trouvée : Yom Kippur (2026-09-21)
[2025-05-10 22:48:53,626] INFO - 🎉 Fête trouvée : Erev Sukkot (2026-09-25)
[2025-05-10 22:48:53,627] INFO - 🎉 Fête trouvée : Sukkot I (2026-09-26)
[2025-05-10 22:48:53,627] INFO - 🎉 Fête trouvée : Sukkot II (2026-09-27)
[2025-05-10 22:48:53,627] INFO - 🕘 Début du jeûne ajouté pour 2025-08-02: 21:27
[2025-05-10 22:48:53,628] INFO - 🕯 Allumage ajouté pour 2025-08-02: Erev Tish’a B’Av
[2025-05-10 22:48:53,628] INFO - 🕯 Allumage ajouté pour 2025-08-02: 22:23
[2025-05-10 22:48:53,629] INFO - 🕯 Allumage ajouté pour 2025-08-03: Tish’a B’Av
[2025-05-10 22:48:53,629] INFO - 🕯 Allumage ajouté pour 2025-08-03: 22:11
[2025-05-10 22:48:53,630] INFO - 🕯 Allumage ajouté pour 2025-08-09: Tu B’Av
[2025-05-10 22:48:53,630] INFO - 🕯 Allumage ajouté pour 2025-08-09: 22:10
[2025-05-10 22:48:53,631] INFO - 🕯 Allumage ajouté pour 2025-08-25: Rosh Hashana LaBehemot
[2025-05-10 22:48:53,632] INFO - 🕯 Allumage ajouté pour 2025-09-13: Leil Selichot
[2025-05-10 22:48:53,636] INFO - 🕯 Allumage ajouté pour 2025-09-13: 20:55
[2025-05-10 22:48:53,638] INFO - 🕯 Allumage ajouté pour 2025-09-22: Erev Rosh Hashana
[2025-05-10 22:48:53,638] INFO - 🕯 Allumage ajouté pour 2025-09-22: 19:30
[2025-05-10 22:48:53,639] INFO - 🕯 Allumage ajouté pour 2025-09-23: Rosh Hashana 5786
[2025-05-10 22:48:53,640] INFO - 🕯 Allumage ajouté pour 2025-09-23: 20:33
[2025-05-10 22:48:53,640] INFO - 🕯 Allumage ajouté pour 2025-09-24: Rosh Hashana II
[2025-05-10 22:48:53,641] INFO - 🕯 Allumage ajouté pour 2025-09-24: 20:31
[2025-05-10 22:48:53,642] INFO - 🕘 Début du jeûne ajouté pour 2025-09-25: 06:07
[2025-05-10 22:48:53,642] INFO - 🕯 Allumage ajouté pour 2025-09-25: Tzom Gedaliah
[2025-05-10 22:48:53,643] INFO - 🕯 Allumage ajouté pour 2025-09-25: 20:20
[2025-05-10 22:48:53,643] INFO - 🕯 Allumage ajouté pour 2025-10-01: Erev Yom Kippur
[2025-05-10 22:48:53,644] INFO - 🕯 Allumage ajouté pour 2025-10-01: 19:11
[2025-05-10 22:48:53,645] INFO - 🕯 Allumage ajouté pour 2025-10-02: Yom Kippur
[2025-05-10 22:48:53,645] INFO - 🕯 Allumage ajouté pour 2025-10-02: 20:14
[2025-05-10 22:48:53,646] INFO - 🕯 Allumage ajouté pour 2025-10-06: Erev Sukkot
[2025-05-10 22:48:53,646] INFO - 🕯 Allumage ajouté pour 2025-10-06: 19:00
[2025-05-10 22:48:53,647] INFO - 🕯 Allumage ajouté pour 2025-10-07: Sukkot I
[2025-05-10 22:48:53,647] INFO - 🕯 Allumage ajouté pour 2025-10-07: 20:03
[2025-05-10 22:48:53,647] INFO - 🕯 Allumage ajouté pour 2025-10-08: Sukkot II
[2025-05-10 22:48:53,648] INFO - 🕯 Allumage ajouté pour 2025-10-08: 20:01
[2025-05-10 22:48:53,648] INFO - 🕯 Allumage ajouté pour 2025-10-09: Sukkot III (CH’’M)
[2025-05-10 22:48:53,653] INFO - 🕯 Allumage ajouté pour 2025-10-10: Sukkot IV (CH’’M)
[2025-05-10 22:48:53,654] INFO - 🕯 Allumage ajouté pour 2025-10-10: 18:52
[2025-05-10 22:48:53,655] INFO - 🕯 Allumage ajouté pour 2025-10-11: Sukkot V (CH’’M)
[2025-05-10 22:48:53,655] INFO - 🕯 Allumage ajouté pour 2025-10-11: 19:55
[2025-05-10 22:48:53,655] INFO - 🕯 Allumage ajouté pour 2025-10-12: Sukkot VI (CH’’M)
[2025-05-10 22:48:53,656] INFO - 🕯 Allumage ajouté pour 2025-10-13: Sukkot VII (Hoshana Raba)
[2025-05-10 22:48:53,657] INFO - 🕯 Allumage ajouté pour 2025-10-13: 18:46
[2025-05-10 22:48:53,657] INFO - 🕯 Allumage ajouté pour 2025-10-14: Shmini Atzeret
[2025-05-10 22:48:53,658] INFO - 🕯 Allumage ajouté pour 2025-10-14: 19:50
[2025-05-10 22:48:53,658] INFO - 🕯 Allumage ajouté pour 2025-10-15: Simchat Torah
[2025-05-10 22:48:53,659] INFO - 🕯 Allumage ajouté pour 2025-10-15: 19:48
[2025-05-10 22:48:53,660] INFO - 🕯 Allumage ajouté pour 2025-12-14: 1 Candle
[2025-05-10 22:48:53,661] INFO - 🕯 Allumage ajouté pour 2025-12-15: 2 Candles
[2025-05-10 22:48:53,661] INFO - 🕯 Allumage ajouté pour 2025-12-16: 3 Candles
[2025-05-10 22:48:53,662] INFO - 🕯 Allumage ajouté pour 2025-12-17: 4 Candles
[2025-05-10 22:48:53,663] INFO - 🕯 Allumage ajouté pour 2025-12-18: 5 Candles
[2025-05-10 22:48:53,664] INFO - 🕯 Allumage ajouté pour 2025-12-19: 6 Candles
[2025-05-10 22:48:53,666] INFO - 🕯 Allumage ajouté pour 2025-12-19: 16:37
[2025-05-10 22:48:53,671] INFO - 🕯 Allumage ajouté pour 2025-12-20: Chag HaBanot
[2025-05-10 22:48:53,672] INFO - 🕯 Allumage ajouté pour 2025-12-20: 7 Candles
[2025-05-10 22:48:53,673] INFO - 🕯 Allumage ajouté pour 2025-12-20: 17:50
[2025-05-10 22:48:53,673] INFO - 🕯 Allumage ajouté pour 2025-12-21: 8 Candles
[2025-05-10 22:48:53,674] INFO - 🕯 Allumage ajouté pour 2025-12-22: 8th Day
[2025-05-10 22:48:53,674] INFO - 🕘 Début du jeûne ajouté pour 2025-12-30: 07:00
[2025-05-10 22:48:53,675] INFO - 🕯 Allumage ajouté pour 2025-12-30: Asara B’Tevet
[2025-05-10 22:48:53,676] INFO - 🕯 Allumage ajouté pour 2025-12-30: 17:47
[2025-05-10 22:48:53,677] INFO - 🕯 Allumage ajouté pour 2026-02-02: Tu BiShvat
[2025-05-10 22:48:53,677] INFO - 🕘 Début du jeûne ajouté pour 2026-03-02: 05:58
[2025-05-10 22:48:53,679] INFO - 🕯 Allumage ajouté pour 2026-03-02: Ta’anit Esther
[2025-05-10 22:48:53,679] INFO - 🕯 Allumage ajouté pour 2026-03-02: 19:14
[2025-05-10 22:48:53,680] INFO - 🕯 Allumage ajouté pour 2026-03-02: Erev Purim
[2025-05-10 22:48:53,680] INFO - 🕯 Allumage ajouté pour 2026-03-03: Purim
[2025-05-10 22:48:53,681] INFO - 🕯 Allumage ajouté pour 2026-03-04: Shushan Purim
[2025-05-10 22:48:53,682] INFO - 🕘 Début du jeûne ajouté pour 2026-04-01: 05:51
[2025-05-10 22:48:53,687] INFO - 🕯 Allumage ajouté pour 2026-04-01: Ta’anit Bechorot
[2025-05-10 22:48:53,688] INFO - 🕯 Allumage ajouté pour 2026-04-01: Erev Pesach
[2025-05-10 22:48:53,689] INFO - 🕯 Allumage ajouté pour 2026-04-01: 20:03
[2025-05-10 22:48:53,690] INFO - 🕯 Allumage ajouté pour 2026-04-02: Pesach I
[2025-05-10 22:48:53,690] INFO - 🕯 Allumage ajouté pour 2026-04-02: 21:11
[2025-05-10 22:48:53,691] INFO - 🕯 Allumage ajouté pour 2026-04-03: Pesach II
[2025-05-10 22:48:53,691] INFO - 🕯 Allumage ajouté pour 2026-04-03: 20:06
[2025-05-10 22:48:53,692] INFO - 🕯 Allumage ajouté pour 2026-04-04: Pesach III (CH’’M)
[2025-05-10 22:48:53,693] INFO - 🕯 Allumage ajouté pour 2026-04-04: 21:14
[2025-05-10 22:48:53,694] INFO - 🕯 Allumage ajouté pour 2026-04-05: Pesach IV (CH’’M)
[2025-05-10 22:48:53,694] INFO - 🕯 Allumage ajouté pour 2026-04-06: Pesach V (CH’’M)
[2025-05-10 22:48:53,695] INFO - 🕯 Allumage ajouté pour 2026-04-07: Pesach VI (CH’’M)
[2025-05-10 22:48:53,696] INFO - 🕯 Allumage ajouté pour 2026-04-07: 20:12
[2025-05-10 22:48:53,696] INFO - 🕯 Allumage ajouté pour 2026-04-08: Pesach VII
[2025-05-10 22:48:53,696] INFO - 🕯 Allumage ajouté pour 2026-04-08: 21:21
[2025-05-10 22:48:53,697] INFO - 🕯 Allumage ajouté pour 2026-04-09: Pesach VIII
[2025-05-10 22:48:53,700] INFO - 🕯 Allumage ajouté pour 2026-04-09: 21:22
[2025-05-10 22:48:53,702] INFO - 🕯 Allumage ajouté pour 2026-05-01: Pesach Sheni
[2025-05-10 22:48:53,703] INFO - 🕯 Allumage ajouté pour 2026-05-01: 20:47
[2025-05-10 22:48:53,704] INFO - 🕯 Allumage ajouté pour 2026-05-05: Lag BaOmer
[2025-05-10 22:48:53,705] INFO - 🕯 Allumage ajouté pour 2026-05-21: Erev Shavuot
[2025-05-10 22:48:53,705] INFO - 🕯 Allumage ajouté pour 2026-05-21: 21:15
[2025-05-10 22:48:53,706] INFO - 🕯 Allumage ajouté pour 2026-05-22: Shavuot I
[2025-05-10 22:48:53,707] INFO - 🕯 Allumage ajouté pour 2026-05-22: 21:16
[2025-05-10 22:48:53,708] INFO - 🕯 Allumage ajouté pour 2026-05-23: Shavuot II
[2025-05-10 22:48:53,709] INFO - 🕯 Allumage ajouté pour 2026-05-23: 22:37
[2025-05-10 22:48:53,710] INFO - 🕘 Début du jeûne ajouté pour 2026-07-02: 03:11
[2025-05-10 22:48:53,711] INFO - 🕯 Allumage ajouté pour 2026-07-02: Tzom Tammuz
[2025-05-10 22:48:53,712] INFO - 🕯 Allumage ajouté pour 2026-07-02: 22:49
[2025-05-10 22:48:53,713] INFO - 🕘 Début du jeûne ajouté pour 2026-07-22: 21:42
[2025-05-10 22:48:53,714] INFO - 🕯 Allumage ajouté pour 2026-07-22: Erev Tish’a B’Av
[2025-05-10 22:48:53,719] INFO - 🕯 Allumage ajouté pour 2026-07-23: Tish’a B’Av
[2025-05-10 22:48:53,720] INFO - 🕯 Allumage ajouté pour 2026-07-23: 22:29
[2025-05-10 22:48:53,722] INFO - 🕯 Allumage ajouté pour 2026-07-29: Tu B’Av
[2025-05-10 22:48:53,723] INFO - 🕯 Allumage ajouté pour 2026-08-14: Rosh Hashana LaBehemot
[2025-05-10 22:48:53,724] INFO - 🕯 Allumage ajouté pour 2026-08-14: 20:49
[2025-05-10 22:48:53,726] INFO - 🕯 Allumage ajouté pour 2026-09-05: Leil Selichot
[2025-05-10 22:48:53,726] INFO - 🕯 Allumage ajouté pour 2026-09-05: 21:13
[2025-05-10 22:48:53,730] INFO - 🕯 Allumage ajouté pour 2026-09-11: Erev Rosh Hashana
[2025-05-10 22:48:53,735] INFO - 🕯 Allumage ajouté pour 2026-09-11: 19:54
[2025-05-10 22:48:53,738] INFO - 🕯 Allumage ajouté pour 2026-09-12: Rosh Hashana 5787
[2025-05-10 22:48:53,739] INFO - 🕯 Allumage ajouté pour 2026-09-12: 20:58
[2025-05-10 22:48:53,740] INFO - 🕯 Allumage ajouté pour 2026-09-13: Rosh Hashana II
[2025-05-10 22:48:53,741] INFO - 🕯 Allumage ajouté pour 2026-09-13: 20:55
[2025-05-10 22:48:53,741] INFO - 🕘 Début du jeûne ajouté pour 2026-09-14: 05:49
[2025-05-10 22:48:53,742] INFO - 🕯 Allumage ajouté pour 2026-09-14: Tzom Gedaliah
[2025-05-10 22:48:53,743] INFO - 🕯 Allumage ajouté pour 2026-09-14: 20:44
[2025-05-10 22:48:53,743] INFO - 🕯 Allumage ajouté pour 2026-09-20: Erev Yom Kippur
[2025-05-10 22:48:53,744] INFO - 🕯 Allumage ajouté pour 2026-09-20: 19:35
[2025-05-10 22:48:53,744] INFO - 🕯 Allumage ajouté pour 2026-09-21: Yom Kippur
[2025-05-10 22:48:53,745] INFO - 🕯 Allumage ajouté pour 2026-09-21: 20:38
[2025-05-10 22:48:53,746] INFO - 🕯 Allumage ajouté pour 2026-09-25: Erev Sukkot
[2025-05-10 22:48:53,747] INFO - 🕯 Allumage ajouté pour 2026-09-25: 19:24
[2025-05-10 22:48:53,747] INFO - 🕯 Allumage ajouté pour 2026-09-26: Sukkot I
[2025-05-10 22:48:53,748] INFO - 🕯 Allumage ajouté pour 2026-09-26: 20:27
[2025-05-10 22:48:53,748] INFO - 🕯 Allumage ajouté pour 2026-09-27: Sukkot II
[2025-05-10 22:48:53,753] INFO - 🕯 Allumage ajouté pour 2026-09-27: 20:25
[2025-05-10 22:48:53,754] INFO - 📦 Total des fêtes renvoyées : 67
[2025-05-10 22:48:53,755] INFO - 127.0.0.1 - - [10/May/2025 22:48:53] "GET /fetes?ville=Paris&start=2025-08-01&end=2026-09-27 HTTP/1.1" 200 -
[2025-05-10 22:54:49,264] INFO - ▶ Requête reçue sur /fetes
[2025-05-10 22:54:49,267] INFO - 📅 Période demandée : 2025-08-01 ➡ 2026-09-27 | geonameid=2995469
[2025-05-10 22:54:49,268] INFO - 🌐 Requête vers Hebcal API...
[2025-05-10 22:54:49,722] INFO - ✅ 225 événements récupérés depuis Hebcal
[2025-05-10 22:54:49,723] INFO - 🎉 Fête trouvée : Erev Tish’a B’Av (2025-08-02)
[2025-05-10 22:54:49,723] INFO - 🎉 Fête trouvée : Tish’a B’Av (2025-08-03)
[2025-05-10 22:54:49,724] INFO - 🎉 Fête trouvée : Tu B’Av (2025-08-09)
[2025-05-10 22:54:49,724] INFO - 🎉 Fête trouvée : Rosh Hashana LaBehemot (2025-08-25)
[2025-05-10 22:54:49,725] INFO - 🎉 Fête trouvée : Leil Selichot (2025-09-13)
[2025-05-10 22:54:49,727] INFO - 🎉 Fête trouvée : Erev Rosh Hashana (2025-09-22)
[2025-05-10 22:54:49,727] INFO - 🎉 Fête trouvée : Rosh Hashana 5786 (2025-09-23)
[2025-05-10 22:54:49,729] INFO - 🎉 Fête trouvée : Rosh Hashana II (2025-09-24)
[2025-05-10 22:54:49,729] INFO - 🎉 Fête trouvée : Tzom Gedaliah (2025-09-25)
[2025-05-10 22:54:49,734] INFO - 🎉 Fête trouvée : Erev Yom Kippur (2025-10-01)
[2025-05-10 22:54:49,736] INFO - 🎉 Fête trouvée : Yom Kippur (2025-10-02)
[2025-05-10 22:54:49,737] INFO - 🎉 Fête trouvée : Erev Sukkot (2025-10-06)
[2025-05-10 22:54:49,738] INFO - 🎉 Fête trouvée : Sukkot I (2025-10-07)
[2025-05-10 22:54:49,738] INFO - 🎉 Fête trouvée : Sukkot II (2025-10-08)
[2025-05-10 22:54:49,739] INFO - 🎉 Fête trouvée : Sukkot III (CH’’M) (2025-10-09)
[2025-05-10 22:54:49,739] INFO - 🎉 Fête trouvée : Sukkot IV (CH’’M) (2025-10-10)
[2025-05-10 22:54:49,740] INFO - 🎉 Fête trouvée : Sukkot V (CH’’M) (2025-10-11)
[2025-05-10 22:54:49,741] INFO - 🎉 Fête trouvée : Sukkot VI (CH’’M) (2025-10-12)
[2025-05-10 22:54:49,742] INFO - 🎉 Fête trouvée : Sukkot VII (Hoshana Raba) (2025-10-13)
[2025-05-10 22:54:49,742] INFO - 🎉 Fête trouvée : Shmini Atzeret (2025-10-14)
[2025-05-10 22:54:49,743] INFO - 🎉 Fête trouvée : Simchat Torah (2025-10-15)
[2025-05-10 22:54:49,744] INFO - 🎉 Fête trouvée : Chanukah: 1 Candle (2025-12-14)
[2025-05-10 22:54:49,744] INFO - 🎉 Fête trouvée : Chanukah: 2 Candles (2025-12-15)
[2025-05-10 22:54:49,745] INFO - 🎉 Fête trouvée : Chanukah: 3 Candles (2025-12-16)
[2025-05-10 22:54:49,745] INFO - 🎉 Fête trouvée : Chanukah: 4 Candles (2025-12-17)
[2025-05-10 22:54:49,746] INFO - 🎉 Fête trouvée : Chanukah: 5 Candles (2025-12-18)
[2025-05-10 22:54:49,752] INFO - 🎉 Fête trouvée : Chanukah: 6 Candles (2025-12-19)
[2025-05-10 22:54:49,752] INFO - 🎉 Fête trouvée : Chag HaBanot (2025-12-20)
[2025-05-10 22:54:49,753] INFO - 🎉 Fête trouvée : Chanukah: 7 Candles (2025-12-20)
[2025-05-10 22:54:49,753] INFO - 🎉 Fête trouvée : Chanukah: 8 Candles (2025-12-21)
[2025-05-10 22:54:49,753] INFO - 🎉 Fête trouvée : Chanukah: 8th Day (2025-12-22)
[2025-05-10 22:54:49,754] INFO - 🎉 Fête trouvée : Asara B’Tevet (2025-12-30)
[2025-05-10 22:54:49,755] INFO - 🎉 Fête trouvée : Tu BiShvat (2026-02-02)
[2025-05-10 22:54:49,756] INFO - 🎉 Fête trouvée : Ta’anit Esther (2026-03-02)
[2025-05-10 22:54:49,757] INFO - 🎉 Fête trouvée : Erev Purim (2026-03-02)
[2025-05-10 22:54:49,758] INFO - 🎉 Fête trouvée : Purim (2026-03-03)
[2025-05-10 22:54:49,759] INFO - 🎉 Fête trouvée : Shushan Purim (2026-03-04)
[2025-05-10 22:54:49,759] INFO - 🎉 Fête trouvée : Ta’anit Bechorot (2026-04-01)
[2025-05-10 22:54:49,760] INFO - 🎉 Fête trouvée : Erev Pesach (2026-04-01)
[2025-05-10 22:54:49,761] INFO - 🎉 Fête trouvée : Pesach I (2026-04-02)
[2025-05-10 22:54:49,762] INFO - 🎉 Fête trouvée : Pesach II (2026-04-03)
[2025-05-10 22:54:49,762] INFO - 🎉 Fête trouvée : Pesach III (CH’’M) (2026-04-04)
[2025-05-10 22:54:49,763] INFO - 🎉 Fête trouvée : Pesach IV (CH’’M) (2026-04-05)
[2025-05-10 22:54:49,764] INFO - 🎉 Fête trouvée : Pesach V (CH’’M) (2026-04-06)
[2025-05-10 22:54:49,771] INFO - 🎉 Fête trouvée : Pesach VI (CH’’M) (2026-04-07)
[2025-05-10 22:54:49,772] INFO - 🎉 Fête trouvée : Pesach VII (2026-04-08)
[2025-05-10 22:54:49,772] INFO - 🎉 Fête trouvée : Pesach VIII (2026-04-09)
[2025-05-10 22:54:49,774] INFO - 🎉 Fête trouvée : Pesach Sheni (2026-05-01)
[2025-05-10 22:54:49,775] INFO - 🎉 Fête trouvée : Lag BaOmer (2026-05-05)
[2025-05-10 22:54:49,775] INFO - 🎉 Fête trouvée : Erev Shavuot (2026-05-21)
[2025-05-10 22:54:49,776] INFO - 🎉 Fête trouvée : Shavuot I (2026-05-22)
[2025-05-10 22:54:49,777] INFO - 🎉 Fête trouvée : Shavuot II (2026-05-23)
[2025-05-10 22:54:49,778] INFO - 🎉 Fête trouvée : Tzom Tammuz (2026-07-02)
[2025-05-10 22:54:49,778] INFO - 🎉 Fête trouvée : Erev Tish’a B’Av (2026-07-22)
[2025-05-10 22:54:49,780] INFO - 🎉 Fête trouvée : Tish’a B’Av (2026-07-23)
[2025-05-10 22:54:49,780] INFO - 🎉 Fête trouvée : Tu B’Av (2026-07-29)
[2025-05-10 22:54:49,785] INFO - 🎉 Fête trouvée : Rosh Hashana LaBehemot (2026-08-14)
[2025-05-10 22:54:49,786] INFO - 🎉 Fête trouvée : Leil Selichot (2026-09-05)
[2025-05-10 22:54:49,787] INFO - 🎉 Fête trouvée : Erev Rosh Hashana (2026-09-11)
[2025-05-10 22:54:49,789] INFO - 🎉 Fête trouvée : Rosh Hashana 5787 (2026-09-12)
[2025-05-10 22:54:49,790] INFO - 🎉 Fête trouvée : Rosh Hashana II (2026-09-13)
[2025-05-10 22:54:49,791] INFO - 🎉 Fête trouvée : Tzom Gedaliah (2026-09-14)
[2025-05-10 22:54:49,791] INFO - 🎉 Fête trouvée : Erev Yom Kippur (2026-09-20)
[2025-05-10 22:54:49,792] INFO - 🎉 Fête trouvée : Yom Kippur (2026-09-21)
[2025-05-10 22:54:49,792] INFO - 🎉 Fête trouvée : Erev Sukkot (2026-09-25)
[2025-05-10 22:54:49,793] INFO - 🎉 Fête trouvée : Sukkot I (2026-09-26)
[2025-05-10 22:54:49,794] INFO - 🎉 Fête trouvée : Sukkot II (2026-09-27)
[2025-05-10 22:54:49,794] INFO - 🕘 Début du jeûne ajouté pour 2025-08-02: 20:59
[2025-05-10 22:54:49,795] INFO - 🕯 Allumage ajouté pour 2025-08-02: Erev Tish’a B’Av
[2025-05-10 22:54:49,796] INFO - 🕯 Allumage ajouté pour 2025-08-02: 21:48
[2025-05-10 22:54:49,796] INFO - 🕯 Allumage ajouté pour 2025-08-03: Tish’a B’Av
[2025-05-10 22:54:49,797] INFO - 🕯 Allumage ajouté pour 2025-08-03: 21:37
[2025-05-10 22:54:49,802] INFO - 🕯 Allumage ajouté pour 2025-08-09: Tu B’Av
[2025-05-10 22:54:49,803] INFO - 🕯 Allumage ajouté pour 2025-08-09: 21:37
[2025-05-10 22:54:49,804] INFO - 🕯 Allumage ajouté pour 2025-08-25: Rosh Hashana LaBehemot
[2025-05-10 22:54:49,805] INFO - 🕯 Allumage ajouté pour 2025-09-13: Leil Selichot
[2025-05-10 22:54:49,806] INFO - 🕯 Allumage ajouté pour 2025-09-13: 20:35
[2025-05-10 22:54:49,807] INFO - 🕯 Allumage ajouté pour 2025-09-22: Erev Rosh Hashana
[2025-05-10 22:54:49,807] INFO - 🕯 Allumage ajouté pour 2025-09-22: 19:17
[2025-05-10 22:54:49,809] INFO - 🕯 Allumage ajouté pour 2025-09-23: Rosh Hashana 5786
[2025-05-10 22:54:49,810] INFO - 🕯 Allumage ajouté pour 2025-09-23: 20:16
[2025-05-10 22:54:49,812] INFO - 🕯 Allumage ajouté pour 2025-09-24: Rosh Hashana II
[2025-05-10 22:54:49,812] INFO - 🕯 Allumage ajouté pour 2025-09-24: 20:14
[2025-05-10 22:54:49,813] INFO - 🕘 Début du jeûne ajouté pour 2025-09-25: 06:04
[2025-05-10 22:54:49,814] INFO - 🕯 Allumage ajouté pour 2025-09-25: Tzom Gedaliah
[2025-05-10 22:54:49,820] INFO - 🕯 Allumage ajouté pour 2025-09-25: 20:05
[2025-05-10 22:54:49,822] INFO - 🕯 Allumage ajouté pour 2025-10-01: Erev Yom Kippur
[2025-05-10 22:54:49,822] INFO - 🕯 Allumage ajouté pour 2025-10-01: 19:01
[2025-05-10 22:54:49,824] INFO - 🕯 Allumage ajouté pour 2025-10-02: Yom Kippur
[2025-05-10 22:54:49,824] INFO - 🕯 Allumage ajouté pour 2025-10-02: 20:00
[2025-05-10 22:54:49,827] INFO - 🕯 Allumage ajouté pour 2025-10-06: Erev Sukkot
[2025-05-10 22:54:49,828] INFO - 🕯 Allumage ajouté pour 2025-10-06: 18:52
[2025-05-10 22:54:49,829] INFO - 🕯 Allumage ajouté pour 2025-10-07: Sukkot I
[2025-05-10 22:54:49,829] INFO - 🕯 Allumage ajouté pour 2025-10-07: 19:51
[2025-05-10 22:54:49,830] INFO - 🕯 Allumage ajouté pour 2025-10-08: Sukkot II
[2025-05-10 22:54:49,840] INFO - 🕯 Allumage ajouté pour 2025-10-08: 19:49
[2025-05-10 22:54:49,841] INFO - 🕯 Allumage ajouté pour 2025-10-09: Sukkot III (CH’’M)
[2025-05-10 22:54:49,841] INFO - 🕯 Allumage ajouté pour 2025-10-10: Sukkot IV (CH’’M)
[2025-05-10 22:54:49,844] INFO - 🕯 Allumage ajouté pour 2025-10-10: 18:45
[2025-05-10 22:54:49,844] INFO - 🕯 Allumage ajouté pour 2025-10-11: Sukkot V (CH’’M)
[2025-05-10 22:54:49,845] INFO - 🕯 Allumage ajouté pour 2025-10-11: 19:44
[2025-05-10 22:54:49,846] INFO - 🕯 Allumage ajouté pour 2025-10-12: Sukkot VI (CH’’M)
[2025-05-10 22:54:49,846] INFO - 🕯 Allumage ajouté pour 2025-10-13: Sukkot VII (Hoshana Raba)
[2025-05-10 22:54:49,847] INFO - 🕯 Allumage ajouté pour 2025-10-13: 18:40
[2025-05-10 22:54:49,854] INFO - 🕯 Allumage ajouté pour 2025-10-14: Shmini Atzeret
[2025-05-10 22:54:49,856] INFO - 🕯 Allumage ajouté pour 2025-10-14: 19:39
[2025-05-10 22:54:49,856] INFO - 🕯 Allumage ajouté pour 2025-10-15: Simchat Torah
[2025-05-10 22:54:49,857] INFO - 🕯 Allumage ajouté pour 2025-10-15: 19:38
[2025-05-10 22:54:49,858] INFO - 🕯 Allumage ajouté pour 2025-12-14: 1 Candle
[2025-05-10 22:54:49,859] INFO - 🕯 Allumage ajouté pour 2025-12-15: 2 Candles
[2025-05-10 22:54:49,860] INFO - 🕯 Allumage ajouté pour 2025-12-16: 3 Candles
[2025-05-10 22:54:49,860] INFO - 🕯 Allumage ajouté pour 2025-12-17: 4 Candles
[2025-05-10 22:54:49,861] INFO - 🕯 Allumage ajouté pour 2025-12-18: 5 Candles
[2025-05-10 22:54:49,861] INFO - 🕯 Allumage ajouté pour 2025-12-19: 6 Candles
[2025-05-10 22:54:49,862] INFO - 🕯 Allumage ajouté pour 2025-12-19: 16:46
[2025-05-10 22:54:49,863] INFO - 🕯 Allumage ajouté pour 2025-12-20: Chag HaBanot
[2025-05-10 22:54:49,865] INFO - 🕯 Allumage ajouté pour 2025-12-20: 7 Candles
[2025-05-10 22:54:49,869] INFO - 🕯 Allumage ajouté pour 2025-12-20: 17:53
[2025-05-10 22:54:49,872] INFO - 🕯 Allumage ajouté pour 2025-12-21: 8 Candles
[2025-05-10 22:54:49,873] INFO - 🕯 Allumage ajouté pour 2025-12-22: 8th Day
[2025-05-10 22:54:49,874] INFO - 🕘 Début du jeûne ajouté pour 2025-12-30: 06:38
[2025-05-10 22:54:49,875] INFO - 🕯 Allumage ajouté pour 2025-12-30: Asara B’Tevet
[2025-05-10 22:54:49,876] INFO - 🕯 Allumage ajouté pour 2025-12-30: 17:51
[2025-05-10 22:54:49,877] INFO - 🕯 Allumage ajouté pour 2026-02-02: Tu BiShvat
[2025-05-10 22:54:49,877] INFO - 🕘 Début du jeûne ajouté pour 2026-03-02: 05:49
[2025-05-10 22:54:49,879] INFO - 🕯 Allumage ajouté pour 2026-03-02: Ta’anit Esther
[2025-05-10 22:54:49,879] INFO - 🕯 Allumage ajouté pour 2026-03-02: 19:03
[2025-05-10 22:54:49,881] INFO - 🕯 Allumage ajouté pour 2026-03-02: Erev Purim
[2025-05-10 22:54:49,886] INFO - 🕯 Allumage ajouté pour 2026-03-03: Purim
[2025-05-10 22:54:49,887] INFO - 🕯 Allumage ajouté pour 2026-03-04: Shushan Purim
[2025-05-10 22:54:49,888] INFO - 🕘 Début du jeûne ajouté pour 2026-04-01: 05:54
[2025-05-10 22:54:49,888] INFO - 🕯 Allumage ajouté pour 2026-04-01: Ta’anit Bechorot
[2025-05-10 22:54:49,889] INFO - 🕯 Allumage ajouté pour 2026-04-01: Erev Pesach
[2025-05-10 22:54:49,891] INFO - 🕯 Allumage ajouté pour 2026-04-01: 19:46
[2025-05-10 22:54:49,892] INFO - 🕯 Allumage ajouté pour 2026-04-02: Pesach I
[2025-05-10 22:54:49,893] INFO - 🕯 Allumage ajouté pour 2026-04-02: 20:49
[2025-05-10 22:54:49,894] INFO - 🕯 Allumage ajouté pour 2026-04-03: Pesach II
[2025-05-10 22:54:49,895] INFO - 🕯 Allumage ajouté pour 2026-04-03: 19:49
[2025-05-10 22:54:49,896] INFO - 🕯 Allumage ajouté pour 2026-04-04: Pesach III (CH’’M)
[2025-05-10 22:54:49,897] INFO - 🕯 Allumage ajouté pour 2026-04-04: 20:52
[2025-05-10 22:54:49,897] INFO - 🕯 Allumage ajouté pour 2026-04-05: Pesach IV (CH’’M)
[2025-05-10 22:54:49,903] INFO - 🕯 Allumage ajouté pour 2026-04-06: Pesach V (CH’’M)
[2025-05-10 22:54:49,904] INFO - 🕯 Allumage ajouté pour 2026-04-07: Pesach VI (CH’’M)
[2025-05-10 22:54:49,904] INFO - 🕯 Allumage ajouté pour 2026-04-07: 19:53
[2025-05-10 22:54:49,905] INFO - 🕯 Allumage ajouté pour 2026-04-08: Pesach VII
[2025-05-10 22:54:49,906] INFO - 🕯 Allumage ajouté pour 2026-04-08: 20:57
[2025-05-10 22:54:49,907] INFO - 🕯 Allumage ajouté pour 2026-04-09: Pesach VIII
[2025-05-10 22:54:49,908] INFO - 🕯 Allumage ajouté pour 2026-04-09: 20:58
[2025-05-10 22:54:49,909] INFO - 🕯 Allumage ajouté pour 2026-05-01: Pesach Sheni
[2025-05-10 22:54:49,910] INFO - 🕯 Allumage ajouté pour 2026-05-01: 20:22
[2025-05-10 22:54:49,910] INFO - 🕯 Allumage ajouté pour 2026-05-05: Lag BaOmer
[2025-05-10 22:54:49,911] INFO - 🕯 Allumage ajouté pour 2026-05-21: Erev Shavuot
[2025-05-10 22:54:49,911] INFO - 🕯 Allumage ajouté pour 2026-05-21: 20:43
[2025-05-10 22:54:49,912] INFO - 🕯 Allumage ajouté pour 2026-05-22: Shavuot I
[2025-05-10 22:54:49,912] INFO - 🕯 Allumage ajouté pour 2026-05-22: 20:44
[2025-05-10 22:54:49,913] INFO - 🕯 Allumage ajouté pour 2026-05-23: Shavuot II
[2025-05-10 22:54:49,913] INFO - 🕯 Allumage ajouté pour 2026-05-23: 21:55
[2025-05-10 22:54:49,914] INFO - 🕘 Début du jeûne ajouté pour 2026-07-02: 04:04
[2025-05-10 22:54:49,917] INFO - 🕯 Allumage ajouté pour 2026-07-02: Tzom Tammuz
[2025-05-10 22:54:49,920] INFO - 🕯 Allumage ajouté pour 2026-07-02: 22:05
[2025-05-10 22:54:49,920] INFO - 🕘 Début du jeûne ajouté pour 2026-07-22: 21:11
[2025-05-10 22:54:49,921] INFO - 🕯 Allumage ajouté pour 2026-07-22: Erev Tish’a B’Av
[2025-05-10 22:54:49,922] INFO - 🕯 Allumage ajouté pour 2026-07-23: Tish’a B’Av
[2025-05-10 22:54:49,922] INFO - 🕯 Allumage ajouté pour 2026-07-23: 21:51
[2025-05-10 22:54:49,924] INFO - 🕯 Allumage ajouté pour 2026-07-29: Tu B’Av
[2025-05-10 22:54:49,925] INFO - 🕯 Allumage ajouté pour 2026-08-14: Rosh Hashana LaBehemot
[2025-05-10 22:54:49,926] INFO - 🕯 Allumage ajouté pour 2026-08-14: 20:25
[2025-05-10 22:54:49,927] INFO - 🕯 Allumage ajouté pour 2026-09-05: Leil Selichot
[2025-05-10 22:54:49,928] INFO - 🕯 Allumage ajouté pour 2026-09-05: 20:50
[2025-05-10 22:54:49,929] INFO - 🕯 Allumage ajouté pour 2026-09-11: Erev Rosh Hashana
[2025-05-10 22:54:49,929] INFO - 🕯 Allumage ajouté pour 2026-09-11: 19:38
[2025-05-10 22:54:49,931] INFO - 🕯 Allumage ajouté pour 2026-09-12: Rosh Hashana 5787
[2025-05-10 22:54:49,935] INFO - 🕯 Allumage ajouté pour 2026-09-12: 20:37
[2025-05-10 22:54:49,937] INFO - 🕯 Allumage ajouté pour 2026-09-13: Rosh Hashana II
[2025-05-10 22:54:49,938] INFO - 🕯 Allumage ajouté pour 2026-09-13: 20:35
[2025-05-10 22:54:49,944] INFO - 🕘 Début du jeûne ajouté pour 2026-09-14: 05:50
[2025-05-10 22:54:49,945] INFO - 🕯 Allumage ajouté pour 2026-09-14: Tzom Gedaliah
[2025-05-10 22:54:49,946] INFO - 🕯 Allumage ajouté pour 2026-09-14: 20:25
[2025-05-10 22:54:49,953] INFO - 🕯 Allumage ajouté pour 2026-09-20: Erev Yom Kippur
[2025-05-10 22:54:49,954] INFO - 🕯 Allumage ajouté pour 2026-09-20: 19:21
[2025-05-10 22:54:49,956] INFO - 🕯 Allumage ajouté pour 2026-09-21: Yom Kippur
[2025-05-10 22:54:49,957] INFO - 🕯 Allumage ajouté pour 2026-09-21: 20:20
[2025-05-10 22:54:49,958] INFO - 🕯 Allumage ajouté pour 2026-09-25: Erev Sukkot
[2025-05-10 22:54:49,960] INFO - 🕯 Allumage ajouté pour 2026-09-25: 19:12
[2025-05-10 22:54:49,961] INFO - 🕯 Allumage ajouté pour 2026-09-26: Sukkot I
[2025-05-10 22:54:49,962] INFO - 🕯 Allumage ajouté pour 2026-09-26: 20:11
[2025-05-10 22:54:49,962] INFO - 🕯 Allumage ajouté pour 2026-09-27: Sukkot II
[2025-05-10 22:54:49,963] INFO - 🕯 Allumage ajouté pour 2026-09-27: 20:09
[2025-05-10 22:54:49,963] INFO - 📦 Total des fêtes renvoyées : 67
[2025-05-10 22:54:49,969] INFO - 127.0.0.1 - - [10/May/2025 22:54:49] "GET /fetes?ville=marseille&start=2025-08-01&end=2026-09-27 HTTP/1.1" 200 -
[2025-05-10 22:56:06,303] INFO - ▶ Requête reçue sur /fetes
[2025-05-10 22:56:06,305] INFO - 📅 Période demandée : 2025-08-01 ➡ 2026-09-27 | geonameid=2996944
[2025-05-10 22:56:06,309] INFO - 🌐 Requête vers Hebcal API...
[2025-05-10 22:56:06,803] INFO - ✅ 225 événements récupérés depuis Hebcal
[2025-05-10 22:56:06,803] INFO - 🎉 Fête trouvée : Erev Tish’a B’Av (2025-08-02)
[2025-05-10 22:56:06,803] INFO - 🎉 Fête trouvée : Tish’a B’Av (2025-08-03)
[2025-05-10 22:56:06,804] INFO - 🎉 Fête trouvée : Tu B’Av (2025-08-09)
[2025-05-10 22:56:06,804] INFO - 🎉 Fête trouvée : Rosh Hashana LaBehemot (2025-08-25)
[2025-05-10 22:56:06,805] INFO - 🎉 Fête trouvée : Leil Selichot (2025-09-13)
[2025-05-10 22:56:06,805] INFO - 🎉 Fête trouvée : Erev Rosh Hashana (2025-09-22)
[2025-05-10 22:56:06,807] INFO - 🎉 Fête trouvée : Rosh Hashana 5786 (2025-09-23)
[2025-05-10 22:56:06,807] INFO - 🎉 Fête trouvée : Rosh Hashana II (2025-09-24)
[2025-05-10 22:56:06,808] INFO - 🎉 Fête trouvée : Tzom Gedaliah (2025-09-25)
[2025-05-10 22:56:06,808] INFO - 🎉 Fête trouvée : Erev Yom Kippur (2025-10-01)
[2025-05-10 22:56:06,809] INFO - 🎉 Fête trouvée : Yom Kippur (2025-10-02)
[2025-05-10 22:56:06,809] INFO - 🎉 Fête trouvée : Erev Sukkot (2025-10-06)
[2025-05-10 22:56:06,811] INFO - 🎉 Fête trouvée : Sukkot I (2025-10-07)
[2025-05-10 22:56:06,817] INFO - 🎉 Fête trouvée : Sukkot II (2025-10-08)
[2025-05-10 22:56:06,818] INFO - 🎉 Fête trouvée : Sukkot III (CH’’M) (2025-10-09)
[2025-05-10 22:56:06,819] INFO - 🎉 Fête trouvée : Sukkot IV (CH’’M) (2025-10-10)
[2025-05-10 22:56:06,820] INFO - 🎉 Fête trouvée : Sukkot V (CH’’M) (2025-10-11)
[2025-05-10 22:56:06,821] INFO - 🎉 Fête trouvée : Sukkot VI (CH’’M) (2025-10-12)
[2025-05-10 22:56:06,822] INFO - 🎉 Fête trouvée : Sukkot VII (Hoshana Raba) (2025-10-13)
[2025-05-10 22:56:06,822] INFO - 🎉 Fête trouvée : Shmini Atzeret (2025-10-14)
[2025-05-10 22:56:06,824] INFO - 🎉 Fête trouvée : Simchat Torah (2025-10-15)
[2025-05-10 22:56:06,824] INFO - 🎉 Fête trouvée : Chanukah: 1 Candle (2025-12-14)
[2025-05-10 22:56:06,825] INFO - 🎉 Fête trouvée : Chanukah: 2 Candles (2025-12-15)
[2025-05-10 22:56:06,825] INFO - 🎉 Fête trouvée : Chanukah: 3 Candles (2025-12-16)
[2025-05-10 22:56:06,826] INFO - 🎉 Fête trouvée : Chanukah: 4 Candles (2025-12-17)
[2025-05-10 22:56:06,826] INFO - 🎉 Fête trouvée : Chanukah: 5 Candles (2025-12-18)
[2025-05-10 22:56:06,826] INFO - 🎉 Fête trouvée : Chanukah: 6 Candles (2025-12-19)
[2025-05-10 22:56:06,827] INFO - 🎉 Fête trouvée : Chag HaBanot (2025-12-20)
[2025-05-10 22:56:06,835] INFO - 🎉 Fête trouvée : Chanukah: 7 Candles (2025-12-20)
[2025-05-10 22:56:06,837] INFO - 🎉 Fête trouvée : Chanukah: 8 Candles (2025-12-21)
[2025-05-10 22:56:06,837] INFO - 🎉 Fête trouvée : Chanukah: 8th Day (2025-12-22)
[2025-05-10 22:56:06,838] INFO - 🎉 Fête trouvée : Asara B’Tevet (2025-12-30)
[2025-05-10 22:56:06,838] INFO - 🎉 Fête trouvée : Tu BiShvat (2026-02-02)
[2025-05-10 22:56:06,839] INFO - 🎉 Fête trouvée : Ta’anit Esther (2026-03-02)
[2025-05-10 22:56:06,840] INFO - 🎉 Fête trouvée : Erev Purim (2026-03-02)
[2025-05-10 22:56:06,840] INFO - 🎉 Fête trouvée : Purim (2026-03-03)
[2025-05-10 22:56:06,841] INFO - 🎉 Fête trouvée : Shushan Purim (2026-03-04)
[2025-05-10 22:56:06,841] INFO - 🎉 Fête trouvée : Ta’anit Bechorot (2026-04-01)
[2025-05-10 22:56:06,842] INFO - 🎉 Fête trouvée : Erev Pesach (2026-04-01)
[2025-05-10 22:56:06,843] INFO - 🎉 Fête trouvée : Pesach I (2026-04-02)
[2025-05-10 22:56:06,844] INFO - 🎉 Fête trouvée : Pesach II (2026-04-03)
[2025-05-10 22:56:06,844] INFO - 🎉 Fête trouvée : Pesach III (CH’’M) (2026-04-04)
[2025-05-10 22:56:06,845] INFO - 🎉 Fête trouvée : Pesach IV (CH’’M) (2026-04-05)
[2025-05-10 22:56:06,853] INFO - 🎉 Fête trouvée : Pesach V (CH’’M) (2026-04-06)
[2025-05-10 22:56:06,854] INFO - 🎉 Fête trouvée : Pesach VI (CH’’M) (2026-04-07)
[2025-05-10 22:56:06,854] INFO - 🎉 Fête trouvée : Pesach VII (2026-04-08)
[2025-05-10 22:56:06,855] INFO - 🎉 Fête trouvée : Pesach VIII (2026-04-09)
[2025-05-10 22:56:06,855] INFO - 🎉 Fête trouvée : Pesach Sheni (2026-05-01)
[2025-05-10 22:56:06,856] INFO - 🎉 Fête trouvée : Lag BaOmer (2026-05-05)
[2025-05-10 22:56:06,856] INFO - 🎉 Fête trouvée : Erev Shavuot (2026-05-21)
[2025-05-10 22:56:06,857] INFO - 🎉 Fête trouvée : Shavuot I (2026-05-22)
[2025-05-10 22:56:06,857] INFO - 🎉 Fête trouvée : Shavuot II (2026-05-23)
[2025-05-10 22:56:06,859] INFO - 🎉 Fête trouvée : Tzom Tammuz (2026-07-02)
[2025-05-10 22:56:06,859] INFO - 🎉 Fête trouvée : Erev Tish’a B’Av (2026-07-22)
[2025-05-10 22:56:06,859] INFO - 🎉 Fête trouvée : Tish’a B’Av (2026-07-23)
[2025-05-10 22:56:06,860] INFO - 🎉 Fête trouvée : Tu B’Av (2026-07-29)
[2025-05-10 22:56:06,861] INFO - 🎉 Fête trouvée : Rosh Hashana LaBehemot (2026-08-14)
[2025-05-10 22:56:06,861] INFO - 🎉 Fête trouvée : Leil Selichot (2026-09-05)
[2025-05-10 22:56:06,869] INFO - 🎉 Fête trouvée : Erev Rosh Hashana (2026-09-11)
[2025-05-10 22:56:06,869] INFO - 🎉 Fête trouvée : Rosh Hashana 5787 (2026-09-12)
[2025-05-10 22:56:06,870] INFO - 🎉 Fête trouvée : Rosh Hashana II (2026-09-13)
[2025-05-10 22:56:06,871] INFO - 🎉 Fête trouvée : Tzom Gedaliah (2026-09-14)
[2025-05-10 22:56:06,871] INFO - 🎉 Fête trouvée : Erev Yom Kippur (2026-09-20)
[2025-05-10 22:56:06,872] INFO - 🎉 Fête trouvée : Yom Kippur (2026-09-21)
[2025-05-10 22:56:06,872] INFO - 🎉 Fête trouvée : Erev Sukkot (2026-09-25)
[2025-05-10 22:56:06,873] INFO - 🎉 Fête trouvée : Sukkot I (2026-09-26)
[2025-05-10 22:56:06,874] INFO - 🎉 Fête trouvée : Sukkot II (2026-09-27)
[2025-05-10 22:56:06,875] INFO - 🕘 Début du jeûne ajouté pour 2025-08-02: 21:08
[2025-05-10 22:56:06,875] INFO - 🕯 Allumage ajouté pour 2025-08-02: Erev Tish’a B’Av
[2025-05-10 22:56:06,876] INFO - 🕯 Allumage ajouté pour 2025-08-02: 21:59
[2025-05-10 22:56:06,876] INFO - 🕯 Allumage ajouté pour 2025-08-03: Tish’a B’Av
[2025-05-10 22:56:06,877] INFO - 🕯 Allumage ajouté pour 2025-08-03: 21:48
[2025-05-10 22:56:06,877] INFO - 🕯 Allumage ajouté pour 2025-08-09: Tu B’Av
[2025-05-10 22:56:06,878] INFO - 🕯 Allumage ajouté pour 2025-08-09: 21:48
[2025-05-10 22:56:06,886] INFO - 🕯 Allumage ajouté pour 2025-08-25: Rosh Hashana LaBehemot
[2025-05-10 22:56:06,887] INFO - 🕯 Allumage ajouté pour 2025-09-13: Leil Selichot
[2025-05-10 22:56:06,889] INFO - 🕯 Allumage ajouté pour 2025-09-13: 20:40
[2025-05-10 22:56:06,890] INFO - 🕯 Allumage ajouté pour 2025-09-22: Erev Rosh Hashana
[2025-05-10 22:56:06,890] INFO - 🕯 Allumage ajouté pour 2025-09-22: 19:20
[2025-05-10 22:56:06,891] INFO - 🕯 Allumage ajouté pour 2025-09-23: Rosh Hashana 5786
[2025-05-10 22:56:06,891] INFO - 🕯 Allumage ajouté pour 2025-09-23: 20:20
[2025-05-10 22:56:06,892] INFO - 🕯 Allumage ajouté pour 2025-09-24: Rosh Hashana II
[2025-05-10 22:56:06,893] INFO - 🕯 Allumage ajouté pour 2025-09-24: 20:18
[2025-05-10 22:56:06,893] INFO - 🕘 Début du jeûne ajouté pour 2025-09-25: 06:03
[2025-05-10 22:56:06,894] INFO - 🕯 Allumage ajouté pour 2025-09-25: Tzom Gedaliah
[2025-05-10 22:56:06,894] INFO - 🕯 Allumage ajouté pour 2025-09-25: 20:08
[2025-05-10 22:56:06,901] INFO - 🕯 Allumage ajouté pour 2025-10-01: Erev Yom Kippur
[2025-05-10 22:56:06,903] INFO - 🕯 Allumage ajouté pour 2025-10-01: 19:02
[2025-05-10 22:56:06,904] INFO - 🕯 Allumage ajouté pour 2025-10-02: Yom Kippur
[2025-05-10 22:56:06,905] INFO - 🕯 Allumage ajouté pour 2025-10-02: 20:03
[2025-05-10 22:56:06,905] INFO - 🕯 Allumage ajouté pour 2025-10-06: Erev Sukkot
[2025-05-10 22:56:06,906] INFO - 🕯 Allumage ajouté pour 2025-10-06: 18:53
[2025-05-10 22:56:06,908] INFO - 🕯 Allumage ajouté pour 2025-10-07: Sukkot I
[2025-05-10 22:56:06,908] INFO - 🕯 Allumage ajouté pour 2025-10-07: 19:53
[2025-05-10 22:56:06,909] INFO - 🕯 Allumage ajouté pour 2025-10-08: Sukkot II
[2025-05-10 22:56:06,910] INFO - 🕯 Allumage ajouté pour 2025-10-08: 19:51
[2025-05-10 22:56:06,918] INFO - 🕯 Allumage ajouté pour 2025-10-09: Sukkot III (CH’’M)
[2025-05-10 22:56:06,919] INFO - 🕯 Allumage ajouté pour 2025-10-10: Sukkot IV (CH’’M)
[2025-05-10 22:56:06,920] INFO - 🕯 Allumage ajouté pour 2025-10-10: 18:45
[2025-05-10 22:56:06,921] INFO - 🕯 Allumage ajouté pour 2025-10-11: Sukkot V (CH’’M)
[2025-05-10 22:56:06,923] INFO - 🕯 Allumage ajouté pour 2025-10-11: 19:46
[2025-05-10 22:56:06,924] INFO - 🕯 Allumage ajouté pour 2025-10-12: Sukkot VI (CH’’M)
[2025-05-10 22:56:06,924] INFO - 🕯 Allumage ajouté pour 2025-10-13: Sukkot VII (Hoshana Raba)
[2025-05-10 22:56:06,925] INFO - 🕯 Allumage ajouté pour 2025-10-13: 18:40
[2025-05-10 22:56:06,925] INFO - 🕯 Allumage ajouté pour 2025-10-14: Shmini Atzeret
[2025-05-10 22:56:06,927] INFO - 🕯 Allumage ajouté pour 2025-10-14: 19:41
[2025-05-10 22:56:06,927] INFO - 🕯 Allumage ajouté pour 2025-10-15: Simchat Torah
[2025-05-10 22:56:06,928] INFO - 🕯 Allumage ajouté pour 2025-10-15: 19:39
[2025-05-10 22:56:06,934] INFO - 🕯 Allumage ajouté pour 2025-12-14: 1 Candle
[2025-05-10 22:56:06,938] INFO - 🕯 Allumage ajouté pour 2025-12-15: 2 Candles
[2025-05-10 22:56:06,939] INFO - 🕯 Allumage ajouté pour 2025-12-16: 3 Candles
[2025-05-10 22:56:06,939] INFO - 🕯 Allumage ajouté pour 2025-12-17: 4 Candles
[2025-05-10 22:56:06,941] INFO - 🕯 Allumage ajouté pour 2025-12-18: 5 Candles
[2025-05-10 22:56:06,941] INFO - 🕯 Allumage ajouté pour 2025-12-19: 6 Candles
[2025-05-10 22:56:06,942] INFO - 🕯 Allumage ajouté pour 2025-12-19: 16:40
[2025-05-10 22:56:06,943] INFO - 🕯 Allumage ajouté pour 2025-12-20: Chag HaBanot
[2025-05-10 22:56:06,943] INFO - 🕯 Allumage ajouté pour 2025-12-20: 7 Candles
[2025-05-10 22:56:06,954] INFO - 🕯 Allumage ajouté pour 2025-12-20: 17:49
[2025-05-10 22:56:06,955] INFO - 🕯 Allumage ajouté pour 2025-12-21: 8 Candles
[2025-05-10 22:56:06,956] INFO - 🕯 Allumage ajouté pour 2025-12-22: 8th Day
[2025-05-10 22:56:06,957] INFO - 🕘 Début du jeûne ajouté pour 2025-12-30: 06:45
[2025-05-10 22:56:06,957] INFO - 🕯 Allumage ajouté pour 2025-12-30: Asara B’Tevet
[2025-05-10 22:56:06,958] INFO - 🕯 Allumage ajouté pour 2025-12-30: 17:46
[2025-05-10 22:56:06,959] INFO - 🕯 Allumage ajouté pour 2026-02-02: Tu BiShvat
[2025-05-10 22:56:06,959] INFO - 🕘 Début du jeûne ajouté pour 2026-03-02: 05:50
[2025-05-10 22:56:06,960] INFO - 🕯 Allumage ajouté pour 2026-03-02: Ta’anit Esther
[2025-05-10 22:56:06,960] INFO - 🕯 Allumage ajouté pour 2026-03-02: 19:05
[2025-05-10 22:56:06,961] INFO - 🕯 Allumage ajouté pour 2026-03-02: Erev Purim
[2025-05-10 22:56:06,964] INFO - 🕯 Allumage ajouté pour 2026-03-03: Purim
[2025-05-10 22:56:06,968] INFO - 🕯 Allumage ajouté pour 2026-03-04: Shushan Purim
[2025-05-10 22:56:06,969] INFO - 🕘 Début du jeûne ajouté pour 2026-04-01: 05:50
[2025-05-10 22:56:06,970] INFO - 🕯 Allumage ajouté pour 2026-04-01: Ta’anit Bechorot
[2025-05-10 22:56:06,970] INFO - 🕯 Allumage ajouté pour 2026-04-01: Erev Pesach
[2025-05-10 22:56:06,972] INFO - 🕯 Allumage ajouté pour 2026-04-01: 19:50
[2025-05-10 22:56:06,974] INFO - 🕯 Allumage ajouté pour 2026-04-02: Pesach I
[2025-05-10 22:56:06,975] INFO - 🕯 Allumage ajouté pour 2026-04-02: 20:55
[2025-05-10 22:56:06,976] INFO - 🕯 Allumage ajouté pour 2026-04-03: Pesach II
[2025-05-10 22:56:06,976] INFO - 🕯 Allumage ajouté pour 2026-04-03: 19:53
[2025-05-10 22:56:06,977] INFO - 🕯 Allumage ajouté pour 2026-04-04: Pesach III (CH’’M)
[2025-05-10 22:56:06,977] INFO - 🕯 Allumage ajouté pour 2026-04-04: 20:58
[2025-05-10 22:56:06,978] INFO - 🕯 Allumage ajouté pour 2026-04-05: Pesach IV (CH’’M)
[2025-05-10 22:56:06,983] INFO - 🕯 Allumage ajouté pour 2026-04-06: Pesach V (CH’’M)
[2025-05-10 22:56:06,985] INFO - 🕯 Allumage ajouté pour 2026-04-07: Pesach VI (CH’’M)
[2025-05-10 22:56:06,987] INFO - 🕯 Allumage ajouté pour 2026-04-07: 19:58
[2025-05-10 22:56:06,988] INFO - 🕯 Allumage ajouté pour 2026-04-08: Pesach VII
[2025-05-10 22:56:06,989] INFO - 🕯 Allumage ajouté pour 2026-04-08: 21:04
[2025-05-10 22:56:06,990] INFO - 🕯 Allumage ajouté pour 2026-04-09: Pesach VIII
[2025-05-10 22:56:06,991] INFO - 🕯 Allumage ajouté pour 2026-04-09: 21:05
[2025-05-10 22:56:06,992] INFO - 🕯 Allumage ajouté pour 2026-05-01: Pesach Sheni
[2025-05-10 22:56:06,992] INFO - 🕯 Allumage ajouté pour 2026-05-01: 20:29
[2025-05-10 22:56:06,993] INFO - 🕯 Allumage ajouté pour 2026-05-05: Lag BaOmer
[2025-05-10 22:56:06,993] INFO - 🕯 Allumage ajouté pour 2026-05-21: Erev Shavuot
[2025-05-10 22:56:06,994] INFO - 🕯 Allumage ajouté pour 2026-05-21: 20:54
[2025-05-10 22:56:06,994] INFO - 🕯 Allumage ajouté pour 2026-05-22: Shavuot I
[2025-05-10 22:56:07,000] INFO - 🕯 Allumage ajouté pour 2026-05-22: 20:55
[2025-05-10 22:56:07,002] INFO - 🕯 Allumage ajouté pour 2026-05-23: Shavuot II
[2025-05-10 22:56:07,003] INFO - 🕯 Allumage ajouté pour 2026-05-23: 22:09
[2025-05-10 22:56:07,004] INFO - 🕘 Début du jeûne ajouté pour 2026-07-02: 03:43
[2025-05-10 22:56:07,005] INFO - 🕯 Allumage ajouté pour 2026-07-02: Tzom Tammuz
[2025-05-10 22:56:07,005] INFO - 🕯 Allumage ajouté pour 2026-07-02: 22:20
[2025-05-10 22:56:07,006] INFO - 🕘 Début du jeûne ajouté pour 2026-07-22: 21:21
[2025-05-10 22:56:07,007] INFO - 🕯 Allumage ajouté pour 2026-07-22: Erev Tish’a B’Av
[2025-05-10 22:56:07,007] INFO - 🕯 Allumage ajouté pour 2026-07-23: Tish’a B’Av
[2025-05-10 22:56:07,008] INFO - 🕯 Allumage ajouté pour 2026-07-23: 22:03
[2025-05-10 22:56:07,008] INFO - 🕯 Allumage ajouté pour 2026-07-29: Tu B’Av
[2025-05-10 22:56:07,009] INFO - 🕯 Allumage ajouté pour 2026-08-14: Rosh Hashana LaBehemot
[2025-05-10 22:56:07,010] INFO - 🕯 Allumage ajouté pour 2026-08-14: 20:32
[2025-05-10 22:56:07,010] INFO - 🕯 Allumage ajouté pour 2026-09-05: Leil Selichot
[2025-05-10 22:56:07,011] INFO - 🕯 Allumage ajouté pour 2026-09-05: 20:57
[2025-05-10 22:56:07,015] INFO - 🕯 Allumage ajouté pour 2026-09-11: Erev Rosh Hashana
[2025-05-10 22:56:07,018] INFO - 🕯 Allumage ajouté pour 2026-09-11: 19:41
[2025-05-10 22:56:07,019] INFO - 🕯 Allumage ajouté pour 2026-09-12: Rosh Hashana 5787
[2025-05-10 22:56:07,020] INFO - 🕯 Allumage ajouté pour 2026-09-12: 20:43
[2025-05-10 22:56:07,020] INFO - 🕯 Allumage ajouté pour 2026-09-13: Rosh Hashana II
[2025-05-10 22:56:07,021] INFO - 🕯 Allumage ajouté pour 2026-09-13: 20:41
[2025-05-10 22:56:07,021] INFO - 🕘 Début du jeûne ajouté pour 2026-09-14: 05:47
[2025-05-10 22:56:07,022] INFO - 🕯 Allumage ajouté pour 2026-09-14: Tzom Gedaliah
[2025-05-10 22:56:07,023] INFO - 🕯 Allumage ajouté pour 2026-09-14: 20:30
[2025-05-10 22:56:07,023] INFO - 🕯 Allumage ajouté pour 2026-09-20: Erev Yom Kippur
[2025-05-10 22:56:07,024] INFO - 🕯 Allumage ajouté pour 2026-09-20: 19:24
[2025-05-10 22:56:07,024] INFO - 🕯 Allumage ajouté pour 2026-09-21: Yom Kippur
[2025-05-10 22:56:07,026] INFO - 🕯 Allumage ajouté pour 2026-09-21: 20:25
[2025-05-10 22:56:07,026] INFO - 🕯 Allumage ajouté pour 2026-09-25: Erev Sukkot
[2025-05-10 22:56:07,027] INFO - 🕯 Allumage ajouté pour 2026-09-25: 19:14
[2025-05-10 22:56:07,027] INFO - 🕯 Allumage ajouté pour 2026-09-26: Sukkot I
[2025-05-10 22:56:07,027] INFO - 🕯 Allumage ajouté pour 2026-09-26: 20:15
[2025-05-10 22:56:07,028] INFO - 🕯 Allumage ajouté pour 2026-09-27: Sukkot II
[2025-05-10 22:56:07,035] INFO - 🕯 Allumage ajouté pour 2026-09-27: 20:13
[2025-05-10 22:56:07,036] INFO - 📦 Total des fêtes renvoyées : 67
[2025-05-10 22:56:07,037] INFO - 127.0.0.1 - - [10/May/2025 22:56:07] "GET /fetes?ville=lyon&start=2025-08-01&end=2026-09-27 HTTP/1.1" 200 -
[2025-05-10 22:56:54,887] INFO - ▶ Requête reçue sur /fetes
[2025-05-10 22:56:54,889] INFO - 📅 Période demandée : 2025-08-01 ➡ 2026-09-27 | geonameid=2996944
[2025-05-10 22:56:54,890] INFO - 🌐 Requête vers Hebcal API...
[2025-05-10 22:56:55,350] INFO - ✅ 225 événements récupérés depuis Hebcal
[2025-05-10 22:56:55,350] INFO - 🎉 Fête trouvée : Erev Tish’a B’Av (2025-08-02)
[2025-05-10 22:56:55,350] INFO - 🎉 Fête trouvée : Tish’a B’Av (2025-08-03)
[2025-05-10 22:56:55,351] INFO - 🎉 Fête trouvée : Tu B’Av (2025-08-09)
[2025-05-10 22:56:55,352] INFO - 🎉 Fête trouvée : Rosh Hashana LaBehemot (2025-08-25)
[2025-05-10 22:56:55,358] INFO - 🎉 Fête trouvée : Leil Selichot (2025-09-13)
[2025-05-10 22:56:55,360] INFO - 🎉 Fête trouvée : Erev Rosh Hashana (2025-09-22)
[2025-05-10 22:56:55,361] INFO - 🎉 Fête trouvée : Rosh Hashana 5786 (2025-09-23)
[2025-05-10 22:56:55,362] INFO - 🎉 Fête trouvée : Rosh Hashana II (2025-09-24)
[2025-05-10 22:56:55,363] INFO - 🎉 Fête trouvée : Tzom Gedaliah (2025-09-25)
[2025-05-10 22:56:55,364] INFO - 🎉 Fête trouvée : Erev Yom Kippur (2025-10-01)
[2025-05-10 22:56:55,364] INFO - 🎉 Fête trouvée : Yom Kippur (2025-10-02)
[2025-05-10 22:56:55,365] INFO - 🎉 Fête trouvée : Erev Sukkot (2025-10-06)
[2025-05-10 22:56:55,366] INFO - 🎉 Fête trouvée : Sukkot I (2025-10-07)
[2025-05-10 22:56:55,367] INFO - 🎉 Fête trouvée : Sukkot II (2025-10-08)
[2025-05-10 22:56:55,367] INFO - 🎉 Fête trouvée : Sukkot III (CH’’M) (2025-10-09)
[2025-05-10 22:56:55,368] INFO - 🎉 Fête trouvée : Sukkot IV (CH’’M) (2025-10-10)
[2025-05-10 22:56:55,368] INFO - 🎉 Fête trouvée : Sukkot V (CH’’M) (2025-10-11)
[2025-05-10 22:56:55,375] INFO - 🎉 Fête trouvée : Sukkot VI (CH’’M) (2025-10-12)
[2025-05-10 22:56:55,377] INFO - 🎉 Fête trouvée : Sukkot VII (Hoshana Raba) (2025-10-13)
[2025-05-10 22:56:55,378] INFO - 🎉 Fête trouvée : Shmini Atzeret (2025-10-14)
[2025-05-10 22:56:55,378] INFO - 🎉 Fête trouvée : Simchat Torah (2025-10-15)
[2025-05-10 22:56:55,379] INFO - 🎉 Fête trouvée : Chanukah: 1 Candle (2025-12-14)
[2025-05-10 22:56:55,379] INFO - 🎉 Fête trouvée : Chanukah: 2 Candles (2025-12-15)
[2025-05-10 22:56:55,380] INFO - 🎉 Fête trouvée : Chanukah: 3 Candles (2025-12-16)
[2025-05-10 22:56:55,381] INFO - 🎉 Fête trouvée : Chanukah: 4 Candles (2025-12-17)
[2025-05-10 22:56:55,381] INFO - 🎉 Fête trouvée : Chanukah: 5 Candles (2025-12-18)
[2025-05-10 22:56:55,382] INFO - 🎉 Fête trouvée : Chanukah: 6 Candles (2025-12-19)
[2025-05-10 22:56:55,382] INFO - 🎉 Fête trouvée : Chag HaBanot (2025-12-20)
[2025-05-10 22:56:55,383] INFO - 🎉 Fête trouvée : Chanukah: 7 Candles (2025-12-20)
[2025-05-10 22:56:55,384] INFO - 🎉 Fête trouvée : Chanukah: 8 Candles (2025-12-21)
[2025-05-10 22:56:55,385] INFO - 🎉 Fête trouvée : Chanukah: 8th Day (2025-12-22)
[2025-05-10 22:56:55,385] INFO - 🎉 Fête trouvée : Asara B’Tevet (2025-12-30)
[2025-05-10 22:56:55,391] INFO - 🎉 Fête trouvée : Tu BiShvat (2026-02-02)
[2025-05-10 22:56:55,392] INFO - 🎉 Fête trouvée : Ta’anit Esther (2026-03-02)
[2025-05-10 22:56:55,393] INFO - 🎉 Fête trouvée : Erev Purim (2026-03-02)
[2025-05-10 22:56:55,394] INFO - 🎉 Fête trouvée : Purim (2026-03-03)
[2025-05-10 22:56:55,394] INFO - 🎉 Fête trouvée : Shushan Purim (2026-03-04)
[2025-05-10 22:56:55,395] INFO - 🎉 Fête trouvée : Ta’anit Bechorot (2026-04-01)
[2025-05-10 22:56:55,395] INFO - 🎉 Fête trouvée : Erev Pesach (2026-04-01)
[2025-05-10 22:56:55,396] INFO - 🎉 Fête trouvée : Pesach I (2026-04-02)
[2025-05-10 22:56:55,396] INFO - 🎉 Fête trouvée : Pesach II (2026-04-03)
[2025-05-10 22:56:55,397] INFO - 🎉 Fête trouvée : Pesach III (CH’’M) (2026-04-04)
[2025-05-10 22:56:55,397] INFO - 🎉 Fête trouvée : Pesach IV (CH’’M) (2026-04-05)
[2025-05-10 22:56:55,398] INFO - 🎉 Fête trouvée : Pesach V (CH’’M) (2026-04-06)
[2025-05-10 22:56:55,398] INFO - 🎉 Fête trouvée : Pesach VI (CH’’M) (2026-04-07)
[2025-05-10 22:56:55,399] INFO - 🎉 Fête trouvée : Pesach VII (2026-04-08)
[2025-05-10 22:56:55,399] INFO - 🎉 Fête trouvée : Pesach VIII (2026-04-09)
[2025-05-10 22:56:55,399] INFO - 🎉 Fête trouvée : Pesach Sheni (2026-05-01)
[2025-05-10 22:56:55,400] INFO - 🎉 Fête trouvée : Lag BaOmer (2026-05-05)
[2025-05-10 22:56:55,401] INFO - 🎉 Fête trouvée : Erev Shavuot (2026-05-21)
[2025-05-10 22:56:55,401] INFO - 🎉 Fête trouvée : Shavuot I (2026-05-22)
[2025-05-10 22:56:55,402] INFO - 🎉 Fête trouvée : Shavuot II (2026-05-23)
[2025-05-10 22:56:55,409] INFO - 🎉 Fête trouvée : Tzom Tammuz (2026-07-02)
[2025-05-10 22:56:55,409] INFO - 🎉 Fête trouvée : Erev Tish’a B’Av (2026-07-22)
[2025-05-10 22:56:55,410] INFO - 🎉 Fête trouvée : Tish’a B’Av (2026-07-23)
[2025-05-10 22:56:55,411] INFO - 🎉 Fête trouvée : Tu B’Av (2026-07-29)
[2025-05-10 22:56:55,412] INFO - 🎉 Fête trouvée : Rosh Hashana LaBehemot (2026-08-14)
[2025-05-10 22:56:55,412] INFO - 🎉 Fête trouvée : Leil Selichot (2026-09-05)
[2025-05-10 22:56:55,414] INFO - 🎉 Fête trouvée : Erev Rosh Hashana (2026-09-11)
[2025-05-10 22:56:55,414] INFO - 🎉 Fête trouvée : Rosh Hashana 5787 (2026-09-12)
[2025-05-10 22:56:55,415] INFO - 🎉 Fête trouvée : Rosh Hashana II (2026-09-13)
[2025-05-10 22:56:55,416] INFO - 🎉 Fête trouvée : Tzom Gedaliah (2026-09-14)
[2025-05-10 22:56:55,416] INFO - 🎉 Fête trouvée : Erev Yom Kippur (2026-09-20)
[2025-05-10 22:56:55,417] INFO - 🎉 Fête trouvée : Yom Kippur (2026-09-21)
[2025-05-10 22:56:55,417] INFO - 🎉 Fête trouvée : Erev Sukkot (2026-09-25)
[2025-05-10 22:56:55,418] INFO - 🎉 Fête trouvée : Sukkot I (2026-09-26)
[2025-05-10 22:56:55,418] INFO - 🎉 Fête trouvée : Sukkot II (2026-09-27)
[2025-05-10 22:56:55,423] INFO - 🕘 Début du jeûne ajouté pour 2025-08-02: 21:08
[2025-05-10 22:56:55,424] INFO - 🕯 Allumage ajouté pour 2025-08-02: Erev Tish’a B’Av
[2025-05-10 22:56:55,425] INFO - 🕯 Allumage ajouté pour 2025-08-02: 21:59
[2025-05-10 22:56:55,426] INFO - 🕯 Allumage ajouté pour 2025-08-03: Tish’a B’Av
[2025-05-10 22:56:55,427] INFO - 🕯 Allumage ajouté pour 2025-08-03: 21:48
[2025-05-10 22:56:55,428] INFO - 🕯 Allumage ajouté pour 2025-08-09: Tu B’Av
[2025-05-10 22:56:55,429] INFO - 🕯 Allumage ajouté pour 2025-08-09: 21:48
[2025-05-10 22:56:55,429] INFO - 🕯 Allumage ajouté pour 2025-08-25: Rosh Hashana LaBehemot
[2025-05-10 22:56:55,432] INFO - 🕯 Allumage ajouté pour 2025-09-13: Leil Selichot
[2025-05-10 22:56:55,432] INFO - 🕯 Allumage ajouté pour 2025-09-13: 20:40
[2025-05-10 22:56:55,433] INFO - 🕯 Allumage ajouté pour 2025-09-22: Erev Rosh Hashana
[2025-05-10 22:56:55,433] INFO - 🕯 Allumage ajouté pour 2025-09-22: 19:20
[2025-05-10 22:56:55,434] INFO - 🕯 Allumage ajouté pour 2025-09-23: Rosh Hashana 5786
[2025-05-10 22:56:55,441] INFO - 🕯 Allumage ajouté pour 2025-09-23: 20:20
[2025-05-10 22:56:55,442] INFO - 🕯 Allumage ajouté pour 2025-09-24: Rosh Hashana II
[2025-05-10 22:56:55,443] INFO - 🕯 Allumage ajouté pour 2025-09-24: 20:18
[2025-05-10 22:56:55,444] INFO - 🕘 Début du jeûne ajouté pour 2025-09-25: 06:03
[2025-05-10 22:56:55,444] INFO - 🕯 Allumage ajouté pour 2025-09-25: Tzom Gedaliah
[2025-05-10 22:56:55,445] INFO - 🕯 Allumage ajouté pour 2025-09-25: 20:08
[2025-05-10 22:56:55,446] INFO - 🕯 Allumage ajouté pour 2025-10-01: Erev Yom Kippur
[2025-05-10 22:56:55,446] INFO - 🕯 Allumage ajouté pour 2025-10-01: 19:02
[2025-05-10 22:56:55,447] INFO - 🕯 Allumage ajouté pour 2025-10-02: Yom Kippur
[2025-05-10 22:56:55,447] INFO - 🕯 Allumage ajouté pour 2025-10-02: 20:03
[2025-05-10 22:56:55,448] INFO - 🕯 Allumage ajouté pour 2025-10-06: Erev Sukkot
[2025-05-10 22:56:55,448] INFO - 🕯 Allumage ajouté pour 2025-10-06: 18:53
[2025-05-10 22:56:55,448] INFO - 🕯 Allumage ajouté pour 2025-10-07: Sukkot I
[2025-05-10 22:56:55,450] INFO - 🕯 Allumage ajouté pour 2025-10-07: 19:53
[2025-05-10 22:56:55,451] INFO - 🕯 Allumage ajouté pour 2025-10-08: Sukkot II
[2025-05-10 22:56:55,451] INFO - 🕯 Allumage ajouté pour 2025-10-08: 19:51
[2025-05-10 22:56:55,456] INFO - 🕯 Allumage ajouté pour 2025-10-09: Sukkot III (CH’’M)
[2025-05-10 22:56:55,457] INFO - 🕯 Allumage ajouté pour 2025-10-10: Sukkot IV (CH’’M)
[2025-05-10 22:56:55,458] INFO - 🕯 Allumage ajouté pour 2025-10-10: 18:45
[2025-05-10 22:56:55,460] INFO - 🕯 Allumage ajouté pour 2025-10-11: Sukkot V (CH’’M)
[2025-05-10 22:56:55,461] INFO - 🕯 Allumage ajouté pour 2025-10-11: 19:46
[2025-05-10 22:56:55,462] INFO - 🕯 Allumage ajouté pour 2025-10-12: Sukkot VI (CH’’M)
[2025-05-10 22:56:55,463] INFO - 🕯 Allumage ajouté pour 2025-10-13: Sukkot VII (Hoshana Raba)
[2025-05-10 22:56:55,463] INFO - 🕯 Allumage ajouté pour 2025-10-13: 18:40
[2025-05-10 22:56:55,467] INFO - 🕯 Allumage ajouté pour 2025-10-14: Shmini Atzeret
[2025-05-10 22:56:55,467] INFO - 🕯 Allumage ajouté pour 2025-10-14: 19:41
[2025-05-10 22:56:55,468] INFO - 🕯 Allumage ajouté pour 2025-10-15: Simchat Torah
[2025-05-10 22:56:55,471] INFO - 🕯 Allumage ajouté pour 2025-10-15: 19:39
[2025-05-10 22:56:55,474] INFO - 🕯 Allumage ajouté pour 2025-12-14: 1 Candle
[2025-05-10 22:56:55,475] INFO - 🕯 Allumage ajouté pour 2025-12-15: 2 Candles
[2025-05-10 22:56:55,477] INFO - 🕯 Allumage ajouté pour 2025-12-16: 3 Candles
[2025-05-10 22:56:55,480] INFO - 🕯 Allumage ajouté pour 2025-12-17: 4 Candles
[2025-05-10 22:56:55,481] INFO - 🕯 Allumage ajouté pour 2025-12-18: 5 Candles
[2025-05-10 22:56:55,482] INFO - 🕯 Allumage ajouté pour 2025-12-19: 6 Candles
[2025-05-10 22:56:55,483] INFO - 🕯 Allumage ajouté pour 2025-12-19: 16:40
[2025-05-10 22:56:55,484] INFO - 🕯 Allumage ajouté pour 2025-12-20: Chag HaBanot
[2025-05-10 22:56:55,485] INFO - 🕯 Allumage ajouté pour 2025-12-20: 7 Candles
[2025-05-10 22:56:55,491] INFO - 🕯 Allumage ajouté pour 2025-12-20: 17:49
[2025-05-10 22:56:55,493] INFO - 🕯 Allumage ajouté pour 2025-12-21: 8 Candles
[2025-05-10 22:56:55,493] INFO - 🕯 Allumage ajouté pour 2025-12-22: 8th Day
[2025-05-10 22:56:55,494] INFO - 🕘 Début du jeûne ajouté pour 2025-12-30: 06:45
[2025-05-10 22:56:55,495] INFO - 🕯 Allumage ajouté pour 2025-12-30: Asara B’Tevet
[2025-05-10 22:56:55,496] INFO - 🕯 Allumage ajouté pour 2025-12-30: 17:46
[2025-05-10 22:56:55,497] INFO - 🕯 Allumage ajouté pour 2026-02-02: Tu BiShvat
[2025-05-10 22:56:55,497] INFO - 🕘 Début du jeûne ajouté pour 2026-03-02: 05:50
[2025-05-10 22:56:55,498] INFO - 🕯 Allumage ajouté pour 2026-03-02: Ta’anit Esther
[2025-05-10 22:56:55,498] INFO - 🕯 Allumage ajouté pour 2026-03-02: 19:05
[2025-05-10 22:56:55,499] INFO - 🕯 Allumage ajouté pour 2026-03-02: Erev Purim
[2025-05-10 22:56:55,499] INFO - 🕯 Allumage ajouté pour 2026-03-03: Purim
[2025-05-10 22:56:55,500] INFO - 🕯 Allumage ajouté pour 2026-03-04: Shushan Purim
[2025-05-10 22:56:55,500] INFO - 🕘 Début du jeûne ajouté pour 2026-04-01: 05:50
[2025-05-10 22:56:55,501] INFO - 🕯 Allumage ajouté pour 2026-04-01: Ta’anit Bechorot
[2025-05-10 22:56:55,501] INFO - 🕯 Allumage ajouté pour 2026-04-01: Erev Pesach
[2025-05-10 22:56:55,506] INFO - 🕯 Allumage ajouté pour 2026-04-01: 19:50
[2025-05-10 22:56:55,507] INFO - 🕯 Allumage ajouté pour 2026-04-02: Pesach I
[2025-05-10 22:56:55,509] INFO - 🕯 Allumage ajouté pour 2026-04-02: 20:55
[2025-05-10 22:56:55,510] INFO - 🕯 Allumage ajouté pour 2026-04-03: Pesach II
[2025-05-10 22:56:55,511] INFO - 🕯 Allumage ajouté pour 2026-04-03: 19:53
[2025-05-10 22:56:55,512] INFO - 🕯 Allumage ajouté pour 2026-04-04: Pesach III (CH’’M)
[2025-05-10 22:56:55,513] INFO - 🕯 Allumage ajouté pour 2026-04-04: 20:58
[2025-05-10 22:56:55,513] INFO - 🕯 Allumage ajouté pour 2026-04-05: Pesach IV (CH’’M)
[2025-05-10 22:56:55,514] INFO - 🕯 Allumage ajouté pour 2026-04-06: Pesach V (CH’’M)
[2025-05-10 22:56:55,514] INFO - 🕯 Allumage ajouté pour 2026-04-07: Pesach VI (CH’’M)
[2025-05-10 22:56:55,515] INFO - 🕯 Allumage ajouté pour 2026-04-07: 19:58
[2025-05-10 22:56:55,516] INFO - 🕯 Allumage ajouté pour 2026-04-08: Pesach VII
[2025-05-10 22:56:55,516] INFO - 🕯 Allumage ajouté pour 2026-04-08: 21:04
[2025-05-10 22:56:55,517] INFO - 🕯 Allumage ajouté pour 2026-04-09: Pesach VIII
[2025-05-10 22:56:55,517] INFO - 🕯 Allumage ajouté pour 2026-04-09: 21:05
[2025-05-10 22:56:55,518] INFO - 🕯 Allumage ajouté pour 2026-05-01: Pesach Sheni
[2025-05-10 22:56:55,526] INFO - 🕯 Allumage ajouté pour 2026-05-01: 20:29
[2025-05-10 22:56:55,527] INFO - 🕯 Allumage ajouté pour 2026-05-05: Lag BaOmer
[2025-05-10 22:56:55,527] INFO - 🕯 Allumage ajouté pour 2026-05-21: Erev Shavuot
[2025-05-10 22:56:55,528] INFO - 🕯 Allumage ajouté pour 2026-05-21: 20:54
[2025-05-10 22:56:55,528] INFO - 🕯 Allumage ajouté pour 2026-05-22: Shavuot I
[2025-05-10 22:56:55,529] INFO - 🕯 Allumage ajouté pour 2026-05-22: 20:55
[2025-05-10 22:56:55,530] INFO - 🕯 Allumage ajouté pour 2026-05-23: Shavuot II
[2025-05-10 22:56:55,530] INFO - 🕯 Allumage ajouté pour 2026-05-23: 22:09
[2025-05-10 22:56:55,531] INFO - 🕘 Début du jeûne ajouté pour 2026-07-02: 03:43
[2025-05-10 22:56:55,532] INFO - 🕯 Allumage ajouté pour 2026-07-02: Tzom Tammuz
[2025-05-10 22:56:55,533] INFO - 🕯 Allumage ajouté pour 2026-07-02: 22:20
[2025-05-10 22:56:55,535] INFO - 🕘 Début du jeûne ajouté pour 2026-07-22: 21:21
[2025-05-10 22:56:55,539] INFO - 🕯 Allumage ajouté pour 2026-07-22: Erev Tish’a B’Av
[2025-05-10 22:56:55,543] INFO - 🕯 Allumage ajouté pour 2026-07-23: Tish’a B’Av
[2025-05-10 22:56:55,545] INFO - 🕯 Allumage ajouté pour 2026-07-23: 22:03
[2025-05-10 22:56:55,546] INFO - 🕯 Allumage ajouté pour 2026-07-29: Tu B’Av
[2025-05-10 22:56:55,546] INFO - 🕯 Allumage ajouté pour 2026-08-14: Rosh Hashana LaBehemot
[2025-05-10 22:56:55,547] INFO - 🕯 Allumage ajouté pour 2026-08-14: 20:32
[2025-05-10 22:56:55,547] INFO - 🕯 Allumage ajouté pour 2026-09-05: Leil Selichot
[2025-05-10 22:56:55,548] INFO - 🕯 Allumage ajouté pour 2026-09-05: 20:57
[2025-05-10 22:56:55,548] INFO - 🕯 Allumage ajouté pour 2026-09-11: Erev Rosh Hashana
[2025-05-10 22:56:55,549] INFO - 🕯 Allumage ajouté pour 2026-09-11: 19:41
[2025-05-10 22:56:55,549] INFO - 🕯 Allumage ajouté pour 2026-09-12: Rosh Hashana 5787
[2025-05-10 22:56:55,550] INFO - 🕯 Allumage ajouté pour 2026-09-12: 20:43
[2025-05-10 22:56:55,550] INFO - 🕯 Allumage ajouté pour 2026-09-13: Rosh Hashana II
[2025-05-10 22:56:55,551] INFO - 🕯 Allumage ajouté pour 2026-09-13: 20:41
[2025-05-10 22:56:55,551] INFO - 🕘 Début du jeûne ajouté pour 2026-09-14: 05:47
[2025-05-10 22:56:55,551] INFO - 🕯 Allumage ajouté pour 2026-09-14: Tzom Gedaliah
[2025-05-10 22:56:55,552] INFO - 🕯 Allumage ajouté pour 2026-09-14: 20:30
[2025-05-10 22:56:55,556] INFO - 🕯 Allumage ajouté pour 2026-09-20: Erev Yom Kippur
[2025-05-10 22:56:55,558] INFO - 🕯 Allumage ajouté pour 2026-09-20: 19:24
[2025-05-10 22:56:55,559] INFO - 🕯 Allumage ajouté pour 2026-09-21: Yom Kippur
[2025-05-10 22:56:55,560] INFO - 🕯 Allumage ajouté pour 2026-09-21: 20:25
[2025-05-10 22:56:55,560] INFO - 🕯 Allumage ajouté pour 2026-09-25: Erev Sukkot
[2025-05-10 22:56:55,561] INFO - 🕯 Allumage ajouté pour 2026-09-25: 19:14
[2025-05-10 22:56:55,561] INFO - 🕯 Allumage ajouté pour 2026-09-26: Sukkot I
[2025-05-10 22:56:55,562] INFO - 🕯 Allumage ajouté pour 2026-09-26: 20:15
[2025-05-10 22:56:55,562] INFO - 🕯 Allumage ajouté pour 2026-09-27: Sukkot II
[2025-05-10 22:56:55,562] INFO - 🕯 Allumage ajouté pour 2026-09-27: 20:13
[2025-05-10 22:56:55,563] INFO - 📦 Total des fêtes renvoyées : 67
[2025-05-10 22:56:55,564] INFO - 127.0.0.1 - - [10/May/2025 22:56:55] "GET /fetes?ville=lyon&start=2025-08-01&end=2026-09-27 HTTP/1.1" 200 -
[2025-05-10 22:57:46,690] INFO - ▶ Requête reçue sur /fetes
[2025-05-10 22:57:46,691] INFO - 📅 Période demandée : 2025-08-01 ➡ 2026-09-27 | geonameid=2972315
[2025-05-10 22:57:46,691] INFO - 🌐 Requête vers Hebcal API...
[2025-05-10 22:57:47,179] INFO - ✅ 225 événements récupérés depuis Hebcal
[2025-05-10 22:57:47,183] INFO - 🎉 Fête trouvée : Erev Tish’a B’Av (2025-08-02)
[2025-05-10 22:57:47,184] INFO - 🎉 Fête trouvée : Tish’a B’Av (2025-08-03)
[2025-05-10 22:57:47,184] INFO - 🎉 Fête trouvée : Tu B’Av (2025-08-09)
[2025-05-10 22:57:47,185] INFO - 🎉 Fête trouvée : Rosh Hashana LaBehemot (2025-08-25)
[2025-05-10 22:57:47,186] INFO - 🎉 Fête trouvée : Leil Selichot (2025-09-13)
[2025-05-10 22:57:47,186] INFO - 🎉 Fête trouvée : Erev Rosh Hashana (2025-09-22)
[2025-05-10 22:57:47,187] INFO - 🎉 Fête trouvée : Rosh Hashana 5786 (2025-09-23)
[2025-05-10 22:57:47,188] INFO - 🎉 Fête trouvée : Rosh Hashana II (2025-09-24)
[2025-05-10 22:57:47,189] INFO - 🎉 Fête trouvée : Tzom Gedaliah (2025-09-25)
[2025-05-10 22:57:47,189] INFO - 🎉 Fête trouvée : Erev Yom Kippur (2025-10-01)
[2025-05-10 22:57:47,190] INFO - 🎉 Fête trouvée : Yom Kippur (2025-10-02)
[2025-05-10 22:57:47,191] INFO - 🎉 Fête trouvée : Erev Sukkot (2025-10-06)
[2025-05-10 22:57:47,192] INFO - 🎉 Fête trouvée : Sukkot I (2025-10-07)
[2025-05-10 22:57:47,192] INFO - 🎉 Fête trouvée : Sukkot II (2025-10-08)
[2025-05-10 22:57:47,193] INFO - 🎉 Fête trouvée : Sukkot III (CH’’M) (2025-10-09)
[2025-05-10 22:57:47,193] INFO - 🎉 Fête trouvée : Sukkot IV (CH’’M) (2025-10-10)
[2025-05-10 22:57:47,194] INFO - 🎉 Fête trouvée : Sukkot V (CH’’M) (2025-10-11)
[2025-05-10 22:57:47,195] INFO - 🎉 Fête trouvée : Sukkot VI (CH’’M) (2025-10-12)
[2025-05-10 22:57:47,199] INFO - 🎉 Fête trouvée : Sukkot VII (Hoshana Raba) (2025-10-13)
[2025-05-10 22:57:47,201] INFO - 🎉 Fête trouvée : Shmini Atzeret (2025-10-14)
[2025-05-10 22:57:47,203] INFO - 🎉 Fête trouvée : Simchat Torah (2025-10-15)
[2025-05-10 22:57:47,204] INFO - 🎉 Fête trouvée : Chanukah: 1 Candle (2025-12-14)
[2025-05-10 22:57:47,204] INFO - 🎉 Fête trouvée : Chanukah: 2 Candles (2025-12-15)
[2025-05-10 22:57:47,205] INFO - 🎉 Fête trouvée : Chanukah: 3 Candles (2025-12-16)
[2025-05-10 22:57:47,206] INFO - 🎉 Fête trouvée : Chanukah: 4 Candles (2025-12-17)
[2025-05-10 22:57:47,206] INFO - 🎉 Fête trouvée : Chanukah: 5 Candles (2025-12-18)
[2025-05-10 22:57:47,207] INFO - 🎉 Fête trouvée : Chanukah: 6 Candles (2025-12-19)
[2025-05-10 22:57:47,208] INFO - 🎉 Fête trouvée : Chag HaBanot (2025-12-20)
[2025-05-10 22:57:47,208] INFO - 🎉 Fête trouvée : Chanukah: 7 Candles (2025-12-20)
[2025-05-10 22:57:47,209] INFO - 🎉 Fête trouvée : Chanukah: 8 Candles (2025-12-21)
[2025-05-10 22:57:47,210] INFO - 🎉 Fête trouvée : Chanukah: 8th Day (2025-12-22)
[2025-05-10 22:57:47,210] INFO - 🎉 Fête trouvée : Asara B’Tevet (2025-12-30)
[2025-05-10 22:57:47,211] INFO - 🎉 Fête trouvée : Tu BiShvat (2026-02-02)
[2025-05-10 22:57:47,212] INFO - 🎉 Fête trouvée : Ta’anit Esther (2026-03-02)
[2025-05-10 22:57:47,212] INFO - 🎉 Fête trouvée : Erev Purim (2026-03-02)
[2025-05-10 22:57:47,219] INFO - 🎉 Fête trouvée : Purim (2026-03-03)
[2025-05-10 22:57:47,221] INFO - 🎉 Fête trouvée : Shushan Purim (2026-03-04)
[2025-05-10 22:57:47,222] INFO - 🎉 Fête trouvée : Ta’anit Bechorot (2026-04-01)
[2025-05-10 22:57:47,223] INFO - 🎉 Fête trouvée : Erev Pesach (2026-04-01)
[2025-05-10 22:57:47,224] INFO - 🎉 Fête trouvée : Pesach I (2026-04-02)
[2025-05-10 22:57:47,226] INFO - 🎉 Fête trouvée : Pesach II (2026-04-03)
[2025-05-10 22:57:47,226] INFO - 🎉 Fête trouvée : Pesach III (CH’’M) (2026-04-04)
[2025-05-10 22:57:47,227] INFO - 🎉 Fête trouvée : Pesach IV (CH’’M) (2026-04-05)
[2025-05-10 22:57:47,227] INFO - 🎉 Fête trouvée : Pesach V (CH’’M) (2026-04-06)
[2025-05-10 22:57:47,228] INFO - 🎉 Fête trouvée : Pesach VI (CH’’M) (2026-04-07)
[2025-05-10 22:57:47,228] INFO - 🎉 Fête trouvée : Pesach VII (2026-04-08)
[2025-05-10 22:57:47,229] INFO - 🎉 Fête trouvée : Pesach VIII (2026-04-09)
[2025-05-10 22:57:47,236] INFO - 🎉 Fête trouvée : Pesach Sheni (2026-05-01)
[2025-05-10 22:57:47,236] INFO - 🎉 Fête trouvée : Lag BaOmer (2026-05-05)
[2025-05-10 22:57:47,238] INFO - 🎉 Fête trouvée : Erev Shavuot (2026-05-21)
[2025-05-10 22:57:47,238] INFO - 🎉 Fête trouvée : Shavuot I (2026-05-22)
[2025-05-10 22:57:47,239] INFO - 🎉 Fête trouvée : Shavuot II (2026-05-23)
[2025-05-10 22:57:47,240] INFO - 🎉 Fête trouvée : Tzom Tammuz (2026-07-02)
[2025-05-10 22:57:47,240] INFO - 🎉 Fête trouvée : Erev Tish’a B’Av (2026-07-22)
[2025-05-10 22:57:47,241] INFO - 🎉 Fête trouvée : Tish’a B’Av (2026-07-23)
[2025-05-10 22:57:47,241] INFO - 🎉 Fête trouvée : Tu B’Av (2026-07-29)
[2025-05-10 22:57:47,242] INFO - 🎉 Fête trouvée : Rosh Hashana LaBehemot (2026-08-14)
[2025-05-10 22:57:47,242] INFO - 🎉 Fête trouvée : Leil Selichot (2026-09-05)
[2025-05-10 22:57:47,243] INFO - 🎉 Fête trouvée : Erev Rosh Hashana (2026-09-11)
[2025-05-10 22:57:47,243] INFO - 🎉 Fête trouvée : Rosh Hashana 5787 (2026-09-12)
[2025-05-10 22:57:47,244] INFO - 🎉 Fête trouvée : Rosh Hashana II (2026-09-13)
[2025-05-10 22:57:47,244] INFO - 🎉 Fête trouvée : Tzom Gedaliah (2026-09-14)
[2025-05-10 22:57:47,244] INFO - 🎉 Fête trouvée : Erev Yom Kippur (2026-09-20)
[2025-05-10 22:57:47,245] INFO - 🎉 Fête trouvée : Yom Kippur (2026-09-21)
[2025-05-10 22:57:47,251] INFO - 🎉 Fête trouvée : Erev Sukkot (2026-09-25)
[2025-05-10 22:57:47,252] INFO - 🎉 Fête trouvée : Sukkot I (2026-09-26)
[2025-05-10 22:57:47,253] INFO - 🎉 Fête trouvée : Sukkot II (2026-09-27)
[2025-05-10 22:57:47,255] INFO - 🕘 Début du jeûne ajouté pour 2025-08-02: 21:16
[2025-05-10 22:57:47,256] INFO - 🕯 Allumage ajouté pour 2025-08-02: Erev Tish’a B’Av
[2025-05-10 22:57:47,257] INFO - 🕯 Allumage ajouté pour 2025-08-02: 22:04
[2025-05-10 22:57:47,257] INFO - 🕯 Allumage ajouté pour 2025-08-03: Tish’a B’Av
[2025-05-10 22:57:47,258] INFO - 🕯 Allumage ajouté pour 2025-08-03: 21:54
[2025-05-10 22:57:47,259] INFO - 🕯 Allumage ajouté pour 2025-08-09: Tu B’Av
[2025-05-10 22:57:47,259] INFO - 🕯 Allumage ajouté pour 2025-08-09: 21:54
[2025-05-10 22:57:47,260] INFO - 🕯 Allumage ajouté pour 2025-08-25: Rosh Hashana LaBehemot
[2025-05-10 22:57:47,261] INFO - 🕯 Allumage ajouté pour 2025-09-13: Leil Selichot
[2025-05-10 22:57:47,261] INFO - 🕯 Allumage ajouté pour 2025-09-13: 20:51
[2025-05-10 22:57:47,262] INFO - 🕯 Allumage ajouté pour 2025-09-22: Erev Rosh Hashana
[2025-05-10 22:57:47,268] INFO - 🕯 Allumage ajouté pour 2025-09-22: 19:33
[2025-05-10 22:57:47,269] INFO - 🕯 Allumage ajouté pour 2025-09-23: Rosh Hashana 5786
[2025-05-10 22:57:47,270] INFO - 🕯 Allumage ajouté pour 2025-09-23: 20:32
[2025-05-10 22:57:47,270] INFO - 🕯 Allumage ajouté pour 2025-09-24: Rosh Hashana II
[2025-05-10 22:57:47,271] INFO - 🕯 Allumage ajouté pour 2025-09-24: 20:30
[2025-05-10 22:57:47,272] INFO - 🕘 Début du jeûne ajouté pour 2025-09-25: 06:20
[2025-05-10 22:57:47,272] INFO - 🕯 Allumage ajouté pour 2025-09-25: Tzom Gedaliah
[2025-05-10 22:57:47,273] INFO - 🕯 Allumage ajouté pour 2025-09-25: 20:20
[2025-05-10 22:57:47,274] INFO - 🕯 Allumage ajouté pour 2025-10-01: Erev Yom Kippur
[2025-05-10 22:57:47,274] INFO - 🕯 Allumage ajouté pour 2025-10-01: 19:17
[2025-05-10 22:57:47,275] INFO - 🕯 Allumage ajouté pour 2025-10-02: Yom Kippur
[2025-05-10 22:57:47,275] INFO - 🕯 Allumage ajouté pour 2025-10-02: 20:16
[2025-05-10 22:57:47,276] INFO - 🕯 Allumage ajouté pour 2025-10-06: Erev Sukkot
[2025-05-10 22:57:47,276] INFO - 🕯 Allumage ajouté pour 2025-10-06: 19:08
[2025-05-10 22:57:47,277] INFO - 🕯 Allumage ajouté pour 2025-10-07: Sukkot I
[2025-05-10 22:57:47,278] INFO - 🕯 Allumage ajouté pour 2025-10-07: 20:07
[2025-05-10 22:57:47,278] INFO - 🕯 Allumage ajouté pour 2025-10-08: Sukkot II
[2025-05-10 22:57:47,283] INFO - 🕯 Allumage ajouté pour 2025-10-08: 20:05
[2025-05-10 22:57:47,286] INFO - 🕯 Allumage ajouté pour 2025-10-09: Sukkot III (CH’’M)
[2025-05-10 22:57:47,287] INFO - 🕯 Allumage ajouté pour 2025-10-10: Sukkot IV (CH’’M)
[2025-05-10 22:57:47,287] INFO - 🕯 Allumage ajouté pour 2025-10-10: 19:01
[2025-05-10 22:57:47,288] INFO - 🕯 Allumage ajouté pour 2025-10-11: Sukkot V (CH’’M)
[2025-05-10 22:57:47,289] INFO - 🕯 Allumage ajouté pour 2025-10-11: 20:00
[2025-05-10 22:57:47,289] INFO - 🕯 Allumage ajouté pour 2025-10-12: Sukkot VI (CH’’M)
[2025-05-10 22:57:47,290] INFO - 🕯 Allumage ajouté pour 2025-10-13: Sukkot VII (Hoshana Raba)
[2025-05-10 22:57:47,290] INFO - 🕯 Allumage ajouté pour 2025-10-13: 18:56
[2025-05-10 22:57:47,291] INFO - 🕯 Allumage ajouté pour 2025-10-14: Shmini Atzeret
[2025-05-10 22:57:47,291] INFO - 🕯 Allumage ajouté pour 2025-10-14: 19:55
[2025-05-10 22:57:47,343] INFO - 🕯 Allumage ajouté pour 2025-10-15: Simchat Torah
[2025-05-10 22:57:47,388] INFO - 🕯 Allumage ajouté pour 2025-10-15: 19:53
[2025-05-10 22:57:47,407] INFO - 🕯 Allumage ajouté pour 2025-12-14: 1 Candle
[2025-05-10 22:57:47,435] INFO - 🕯 Allumage ajouté pour 2025-12-15: 2 Candles
[2025-05-10 22:57:47,436] INFO - 🕯 Allumage ajouté pour 2025-12-16: 3 Candles
[2025-05-10 22:57:47,437] INFO - 🕯 Allumage ajouté pour 2025-12-17: 4 Candles
[2025-05-10 22:57:47,438] INFO - 🕯 Allumage ajouté pour 2025-12-18: 5 Candles
[2025-05-10 22:57:47,438] INFO - 🕯 Allumage ajouté pour 2025-12-19: 6 Candles
[2025-05-10 22:57:47,439] INFO - 🕯 Allumage ajouté pour 2025-12-19: 17:01
[2025-05-10 22:57:47,441] INFO - 🕯 Allumage ajouté pour 2025-12-20: Chag HaBanot
[2025-05-10 22:57:47,441] INFO - 🕯 Allumage ajouté pour 2025-12-20: 7 Candles
[2025-05-10 22:57:47,442] INFO - 🕯 Allumage ajouté pour 2025-12-20: 18:08
[2025-05-10 22:57:47,442] INFO - 🕯 Allumage ajouté pour 2025-12-21: 8 Candles
[2025-05-10 22:57:47,443] INFO - 🕯 Allumage ajouté pour 2025-12-22: 8th Day
[2025-05-10 22:57:47,444] INFO - 🕘 Début du jeûne ajouté pour 2025-12-30: 06:55
[2025-05-10 22:57:47,445] INFO - 🕯 Allumage ajouté pour 2025-12-30: Asara B’Tevet
[2025-05-10 22:57:47,445] INFO - 🕯 Allumage ajouté pour 2025-12-30: 18:06
[2025-05-10 22:57:47,453] INFO - 🕯 Allumage ajouté pour 2026-02-02: Tu BiShvat
[2025-05-10 22:57:47,471] INFO - 🕘 Début du jeûne ajouté pour 2026-03-02: 06:05
[2025-05-10 22:57:47,473] INFO - 🕯 Allumage ajouté pour 2026-03-02: Ta’anit Esther
[2025-05-10 22:57:47,475] INFO - 🕯 Allumage ajouté pour 2026-03-02: 19:19
[2025-05-10 22:57:47,478] INFO - 🕯 Allumage ajouté pour 2026-03-02: Erev Purim
[2025-05-10 22:57:47,486] INFO - 🕯 Allumage ajouté pour 2026-03-03: Purim
[2025-05-10 22:57:47,488] INFO - 🕯 Allumage ajouté pour 2026-03-04: Shushan Purim
[2025-05-10 22:57:47,490] INFO - 🕘 Début du jeûne ajouté pour 2026-04-01: 06:09
[2025-05-10 22:57:47,492] INFO - 🕯 Allumage ajouté pour 2026-04-01: Ta’anit Bechorot
[2025-05-10 22:57:47,494] INFO - 🕯 Allumage ajouté pour 2026-04-01: Erev Pesach
[2025-05-10 22:57:47,496] INFO - 🕯 Allumage ajouté pour 2026-04-01: 20:02
[2025-05-10 22:57:47,504] INFO - 🕯 Allumage ajouté pour 2026-04-02: Pesach I
[2025-05-10 22:57:47,505] INFO - 🕯 Allumage ajouté pour 2026-04-02: 21:05
[2025-05-10 22:57:47,507] INFO - 🕯 Allumage ajouté pour 2026-04-03: Pesach II
[2025-05-10 22:57:47,508] INFO - 🕯 Allumage ajouté pour 2026-04-03: 20:05
[2025-05-10 22:57:47,510] INFO - 🕯 Allumage ajouté pour 2026-04-04: Pesach III (CH’’M)
[2025-05-10 22:57:47,511] INFO - 🕯 Allumage ajouté pour 2026-04-04: 21:08
[2025-05-10 22:57:47,512] INFO - 🕯 Allumage ajouté pour 2026-04-05: Pesach IV (CH’’M)
[2025-05-10 22:57:47,512] INFO - 🕯 Allumage ajouté pour 2026-04-06: Pesach V (CH’’M)
[2025-05-10 22:57:47,516] INFO - 🕯 Allumage ajouté pour 2026-04-07: Pesach VI (CH’’M)
[2025-05-10 22:57:47,520] INFO - 🕯 Allumage ajouté pour 2026-04-07: 20:09
[2025-05-10 22:57:47,520] INFO - 🕯 Allumage ajouté pour 2026-04-08: Pesach VII
[2025-05-10 22:57:47,521] INFO - 🕯 Allumage ajouté pour 2026-04-08: 21:13
[2025-05-10 22:57:47,521] INFO - 🕯 Allumage ajouté pour 2026-04-09: Pesach VIII
[2025-05-10 22:57:47,522] INFO - 🕯 Allumage ajouté pour 2026-04-09: 21:14
[2025-05-10 22:57:47,522] INFO - 🕯 Allumage ajouté pour 2026-05-01: Pesach Sheni
[2025-05-10 22:57:47,523] INFO - 🕯 Allumage ajouté pour 2026-05-01: 20:38
[2025-05-10 22:57:47,523] INFO - 🕯 Allumage ajouté pour 2026-05-05: Lag BaOmer
[2025-05-10 22:57:47,524] INFO - 🕯 Allumage ajouté pour 2026-05-21: Erev Shavuot
[2025-05-10 22:57:47,525] INFO - 🕯 Allumage ajouté pour 2026-05-21: 21:00
[2025-05-10 22:57:47,525] INFO - 🕯 Allumage ajouté pour 2026-05-22: Shavuot I
[2025-05-10 22:57:47,526] INFO - 🕯 Allumage ajouté pour 2026-05-22: 21:01
[2025-05-10 22:57:47,526] INFO - 🕯 Allumage ajouté pour 2026-05-23: Shavuot II
[2025-05-10 22:57:47,527] INFO - 🕯 Allumage ajouté pour 2026-05-23: 22:12
[2025-05-10 22:57:47,527] INFO - 🕘 Début du jeûne ajouté pour 2026-07-02: 04:17
[2025-05-10 22:57:47,528] INFO - 🕯 Allumage ajouté pour 2026-07-02: Tzom Tammuz
[2025-05-10 22:57:47,528] INFO - 🕯 Allumage ajouté pour 2026-07-02: 22:23
[2025-05-10 22:57:47,529] INFO - 🕘 Début du jeûne ajouté pour 2026-07-22: 21:28
[2025-05-10 22:57:47,534] INFO - 🕯 Allumage ajouté pour 2026-07-22: Erev Tish’a B’Av
[2025-05-10 22:57:47,536] INFO - 🕯 Allumage ajouté pour 2026-07-23: Tish’a B’Av
[2025-05-10 22:57:47,537] INFO - 🕯 Allumage ajouté pour 2026-07-23: 22:08
[2025-05-10 22:57:47,537] INFO - 🕯 Allumage ajouté pour 2026-07-29: Tu B’Av
[2025-05-10 22:57:47,538] INFO - 🕯 Allumage ajouté pour 2026-08-14: Rosh Hashana LaBehemot
[2025-05-10 22:57:47,539] INFO - 🕯 Allumage ajouté pour 2026-08-14: 20:41
[2025-05-10 22:57:47,539] INFO - 🕯 Allumage ajouté pour 2026-09-05: Leil Selichot
[2025-05-10 22:57:47,540] INFO - 🕯 Allumage ajouté pour 2026-09-05: 21:06
[2025-05-10 22:57:47,540] INFO - 🕯 Allumage ajouté pour 2026-09-11: Erev Rosh Hashana
[2025-05-10 22:57:47,541] INFO - 🕯 Allumage ajouté pour 2026-09-11: 19:54
[2025-05-10 22:57:47,541] INFO - 🕯 Allumage ajouté pour 2026-09-12: Rosh Hashana 5787
[2025-05-10 22:57:47,542] INFO - 🕯 Allumage ajouté pour 2026-09-12: 20:53
[2025-05-10 22:57:47,542] INFO - 🕯 Allumage ajouté pour 2026-09-13: Rosh Hashana II
[2025-05-10 22:57:47,543] INFO - 🕯 Allumage ajouté pour 2026-09-13: 20:51
[2025-05-10 22:57:47,543] INFO - 🕘 Début du jeûne ajouté pour 2026-09-14: 06:05
[2025-05-10 22:57:47,544] INFO - 🕯 Allumage ajouté pour 2026-09-14: Tzom Gedaliah
[2025-05-10 22:57:47,545] INFO - 🕯 Allumage ajouté pour 2026-09-14: 20:41
[2025-05-10 22:57:47,545] INFO - 🕯 Allumage ajouté pour 2026-09-20: Erev Yom Kippur
[2025-05-10 22:57:47,546] INFO - 🕯 Allumage ajouté pour 2026-09-20: 19:37
[2025-05-10 22:57:47,552] INFO - 🕯 Allumage ajouté pour 2026-09-21: Yom Kippur
[2025-05-10 22:57:47,553] INFO - 🕯 Allumage ajouté pour 2026-09-21: 20:36
[2025-05-10 22:57:47,554] INFO - 🕯 Allumage ajouté pour 2026-09-25: Erev Sukkot
[2025-05-10 22:57:47,554] INFO - 🕯 Allumage ajouté pour 2026-09-25: 19:28
[2025-05-10 22:57:47,555] INFO - 🕯 Allumage ajouté pour 2026-09-26: Sukkot I
[2025-05-10 22:57:47,556] INFO - 🕯 Allumage ajouté pour 2026-09-26: 20:27
[2025-05-10 22:57:47,556] INFO - 🕯 Allumage ajouté pour 2026-09-27: Sukkot II
[2025-05-10 22:57:47,557] INFO - 🕯 Allumage ajouté pour 2026-09-27: 20:25
[2025-05-10 22:57:47,557] INFO - 📦 Total des fêtes renvoyées : 67
[2025-05-10 22:57:47,558] INFO - 127.0.0.1 - - [10/May/2025 22:57:47] "GET /fetes?ville=toulouse&start=2025-08-01&end=2026-09-27 HTTP/1.1" 200 -
[2025-05-10 22:58:48,256] INFO - ▶ Requête reçue sur /fetes
[2025-05-10 22:58:48,257] INFO - 📅 Période demandée : 2025-08-01 ➡ 2026-09-27 | geonameid=2990440
[2025-05-10 22:58:48,258] INFO - 🌐 Requête vers Hebcal API...
[2025-05-10 22:58:48,753] INFO - ✅ 225 événements récupérés depuis Hebcal
[2025-05-10 22:58:48,754] INFO - 🎉 Fête trouvée : Erev Tish’a B’Av (2025-08-02)
[2025-05-10 22:58:48,756] INFO - 🎉 Fête trouvée : Tish’a B’Av (2025-08-03)
[2025-05-10 22:58:48,757] INFO - 🎉 Fête trouvée : Tu B’Av (2025-08-09)
[2025-05-10 22:58:48,758] INFO - 🎉 Fête trouvée : Rosh Hashana LaBehemot (2025-08-25)
[2025-05-10 22:58:48,758] INFO - 🎉 Fête trouvée : Leil Selichot (2025-09-13)
[2025-05-10 22:58:48,759] INFO - 🎉 Fête trouvée : Erev Rosh Hashana (2025-09-22)
[2025-05-10 22:58:48,759] INFO - 🎉 Fête trouvée : Rosh Hashana 5786 (2025-09-23)
[2025-05-10 22:58:48,761] INFO - 🎉 Fête trouvée : Rosh Hashana II (2025-09-24)
[2025-05-10 22:58:48,762] INFO - 🎉 Fête trouvée : Tzom Gedaliah (2025-09-25)
[2025-05-10 22:58:48,764] INFO - 🎉 Fête trouvée : Erev Yom Kippur (2025-10-01)
[2025-05-10 22:58:48,768] INFO - 🎉 Fête trouvée : Yom Kippur (2025-10-02)
[2025-05-10 22:58:48,771] INFO - 🎉 Fête trouvée : Erev Sukkot (2025-10-06)
[2025-05-10 22:58:48,773] INFO - 🎉 Fête trouvée : Sukkot I (2025-10-07)
[2025-05-10 22:58:48,774] INFO - 🎉 Fête trouvée : Sukkot II (2025-10-08)
[2025-05-10 22:58:48,775] INFO - 🎉 Fête trouvée : Sukkot III (CH’’M) (2025-10-09)
[2025-05-10 22:58:48,775] INFO - 🎉 Fête trouvée : Sukkot IV (CH’’M) (2025-10-10)
[2025-05-10 22:58:48,777] INFO - 🎉 Fête trouvée : Sukkot V (CH’’M) (2025-10-11)
[2025-05-10 22:58:48,777] INFO - 🎉 Fête trouvée : Sukkot VI (CH’’M) (2025-10-12)
[2025-05-10 22:58:48,778] INFO - 🎉 Fête trouvée : Sukkot VII (Hoshana Raba) (2025-10-13)
[2025-05-10 22:58:48,779] INFO - 🎉 Fête trouvée : Shmini Atzeret (2025-10-14)
[2025-05-10 22:58:48,780] INFO - 🎉 Fête trouvée : Simchat Torah (2025-10-15)
[2025-05-10 22:58:48,780] INFO - 🎉 Fête trouvée : Chanukah: 1 Candle (2025-12-14)
[2025-05-10 22:58:48,785] INFO - 🎉 Fête trouvée : Chanukah: 2 Candles (2025-12-15)
[2025-05-10 22:58:48,787] INFO - 🎉 Fête trouvée : Chanukah: 3 Candles (2025-12-16)
[2025-05-10 22:58:48,788] INFO - 🎉 Fête trouvée : Chanukah: 4 Candles (2025-12-17)
[2025-05-10 22:58:48,789] INFO - 🎉 Fête trouvée : Chanukah: 5 Candles (2025-12-18)
[2025-05-10 22:58:48,790] INFO - 🎉 Fête trouvée : Chanukah: 6 Candles (2025-12-19)
[2025-05-10 22:58:48,790] INFO - 🎉 Fête trouvée : Chag HaBanot (2025-12-20)
[2025-05-10 22:58:48,791] INFO - 🎉 Fête trouvée : Chanukah: 7 Candles (2025-12-20)
[2025-05-10 22:58:48,792] INFO - 🎉 Fête trouvée : Chanukah: 8 Candles (2025-12-21)
[2025-05-10 22:58:48,795] INFO - 🎉 Fête trouvée : Chanukah: 8th Day (2025-12-22)
[2025-05-10 22:58:48,795] INFO - 🎉 Fête trouvée : Asara B’Tevet (2025-12-30)
[2025-05-10 22:58:48,796] INFO - 🎉 Fête trouvée : Tu BiShvat (2026-02-02)
[2025-05-10 22:58:48,797] INFO - 🎉 Fête trouvée : Ta’anit Esther (2026-03-02)
[2025-05-10 22:58:48,804] INFO - 🎉 Fête trouvée : Erev Purim (2026-03-02)
[2025-05-10 22:58:48,806] INFO - 🎉 Fête trouvée : Purim (2026-03-03)
[2025-05-10 22:58:48,807] INFO - 🎉 Fête trouvée : Shushan Purim (2026-03-04)
[2025-05-10 22:58:48,807] INFO - 🎉 Fête trouvée : Ta’anit Bechorot (2026-04-01)
[2025-05-10 22:58:48,808] INFO - 🎉 Fête trouvée : Erev Pesach (2026-04-01)
[2025-05-10 22:58:48,809] INFO - 🎉 Fête trouvée : Pesach I (2026-04-02)
[2025-05-10 22:58:48,810] INFO - 🎉 Fête trouvée : Pesach II (2026-04-03)
[2025-05-10 22:58:48,810] INFO - 🎉 Fête trouvée : Pesach III (CH’’M) (2026-04-04)
[2025-05-10 22:58:48,811] INFO - 🎉 Fête trouvée : Pesach IV (CH’’M) (2026-04-05)
[2025-05-10 22:58:48,812] INFO - 🎉 Fête trouvée : Pesach V (CH’’M) (2026-04-06)
[2025-05-10 22:58:48,812] INFO - 🎉 Fête trouvée : Pesach VI (CH’’M) (2026-04-07)
[2025-05-10 22:58:48,813] INFO - 🎉 Fête trouvée : Pesach VII (2026-04-08)
[2025-05-10 22:58:48,813] INFO - 🎉 Fête trouvée : Pesach VIII (2026-04-09)
[2025-05-10 22:58:48,813] INFO - 🎉 Fête trouvée : Pesach Sheni (2026-05-01)
[2025-05-10 22:58:48,814] INFO - 🎉 Fête trouvée : Lag BaOmer (2026-05-05)
[2025-05-10 22:58:48,822] INFO - 🎉 Fête trouvée : Erev Shavuot (2026-05-21)
[2025-05-10 22:58:48,823] INFO - 🎉 Fête trouvée : Shavuot I (2026-05-22)
[2025-05-10 22:58:48,825] INFO - 🎉 Fête trouvée : Shavuot II (2026-05-23)
[2025-05-10 22:58:48,825] INFO - 🎉 Fête trouvée : Tzom Tammuz (2026-07-02)
[2025-05-10 22:58:48,825] INFO - 🎉 Fête trouvée : Erev Tish’a B’Av (2026-07-22)
[2025-05-10 22:58:48,826] INFO - 🎉 Fête trouvée : Tish’a B’Av (2026-07-23)
[2025-05-10 22:58:48,827] INFO - 🎉 Fête trouvée : Tu B’Av (2026-07-29)
[2025-05-10 22:58:48,827] INFO - 🎉 Fête trouvée : Rosh Hashana LaBehemot (2026-08-14)
[2025-05-10 22:58:48,828] INFO - 🎉 Fête trouvée : Leil Selichot (2026-09-05)
[2025-05-10 22:58:48,828] INFO - 🎉 Fête trouvée : Erev Rosh Hashana (2026-09-11)
[2025-05-10 22:58:48,829] INFO - 🎉 Fête trouvée : Rosh Hashana 5787 (2026-09-12)
[2025-05-10 22:58:48,831] INFO - 🎉 Fête trouvée : Rosh Hashana II (2026-09-13)
[2025-05-10 22:58:48,839] INFO - 🎉 Fête trouvée : Tzom Gedaliah (2026-09-14)
[2025-05-10 22:58:48,840] INFO - 🎉 Fête trouvée : Erev Yom Kippur (2026-09-20)
[2025-05-10 22:58:48,841] INFO - 🎉 Fête trouvée : Yom Kippur (2026-09-21)
[2025-05-10 22:58:48,841] INFO - 🎉 Fête trouvée : Erev Sukkot (2026-09-25)
[2025-05-10 22:58:48,842] INFO - 🎉 Fête trouvée : Sukkot I (2026-09-26)
[2025-05-10 22:58:48,843] INFO - 🎉 Fête trouvée : Sukkot II (2026-09-27)
[2025-05-10 22:58:48,843] INFO - 🕘 Début du jeûne ajouté pour 2025-08-02: 20:53
[2025-05-10 22:58:48,844] INFO - 🕯 Allumage ajouté pour 2025-08-02: Erev Tish’a B’Av
[2025-05-10 22:58:48,845] INFO - 🕯 Allumage ajouté pour 2025-08-02: 21:42
[2025-05-10 22:58:48,847] INFO - 🕯 Allumage ajouté pour 2025-08-03: Tish’a B’Av
[2025-05-10 22:58:48,853] INFO - 🕯 Allumage ajouté pour 2025-08-03: 21:31
[2025-05-10 22:58:48,856] INFO - 🕯 Allumage ajouté pour 2025-08-09: Tu B’Av
[2025-05-10 22:58:48,857] INFO - 🕯 Allumage ajouté pour 2025-08-09: 21:31
[2025-05-10 22:58:48,858] INFO - 🕯 Allumage ajouté pour 2025-08-25: Rosh Hashana LaBehemot
[2025-05-10 22:58:48,859] INFO - 🕯 Allumage ajouté pour 2025-09-13: Leil Selichot
[2025-05-10 22:58:48,862] INFO - 🕯 Allumage ajouté pour 2025-09-13: 20:28
[2025-05-10 22:58:48,863] INFO - 🕯 Allumage ajouté pour 2025-09-22: Erev Rosh Hashana
[2025-05-10 22:58:48,864] INFO - 🕯 Allumage ajouté pour 2025-09-22: 19:10
[2025-05-10 22:58:48,889] INFO - 🕯 Allumage ajouté pour 2025-09-23: Rosh Hashana 5786
[2025-05-10 22:58:48,893] INFO - 🕯 Allumage ajouté pour 2025-09-23: 20:09
[2025-05-10 22:58:48,894] INFO - 🕯 Allumage ajouté pour 2025-09-24: Rosh Hashana II
[2025-05-10 22:58:48,896] INFO - 🕯 Allumage ajouté pour 2025-09-24: 20:07
[2025-05-10 22:58:48,905] INFO - 🕘 Début du jeûne ajouté pour 2025-09-25: 05:56
[2025-05-10 22:58:48,907] INFO - 🕯 Allumage ajouté pour 2025-09-25: Tzom Gedaliah
[2025-05-10 22:58:48,910] INFO - 🕯 Allumage ajouté pour 2025-09-25: 19:57
[2025-05-10 22:58:48,911] INFO - 🕯 Allumage ajouté pour 2025-10-01: Erev Yom Kippur
[2025-05-10 22:58:48,912] INFO - 🕯 Allumage ajouté pour 2025-10-01: 18:53
[2025-05-10 22:58:48,913] INFO - 🕯 Allumage ajouté pour 2025-10-02: Yom Kippur
[2025-05-10 22:58:48,923] INFO - 🕯 Allumage ajouté pour 2025-10-02: 19:52
[2025-05-10 22:58:48,924] INFO - 🕯 Allumage ajouté pour 2025-10-06: Erev Sukkot
[2025-05-10 22:58:48,926] INFO - 🕯 Allumage ajouté pour 2025-10-06: 18:44
[2025-05-10 22:58:48,927] INFO - 🕯 Allumage ajouté pour 2025-10-07: Sukkot I
[2025-05-10 22:58:48,927] INFO - 🕯 Allumage ajouté pour 2025-10-07: 19:44
[2025-05-10 22:58:48,928] INFO - 🕯 Allumage ajouté pour 2025-10-08: Sukkot II
[2025-05-10 22:58:48,929] INFO - 🕯 Allumage ajouté pour 2025-10-08: 19:42
[2025-05-10 22:58:48,930] INFO - 🕯 Allumage ajouté pour 2025-10-09: Sukkot III (CH’’M)
[2025-05-10 22:58:48,942] INFO - 🕯 Allumage ajouté pour 2025-10-10: Sukkot IV (CH’’M)
[2025-05-10 22:58:48,943] INFO - 🕯 Allumage ajouté pour 2025-10-10: 18:37
[2025-05-10 22:58:48,945] INFO - 🕯 Allumage ajouté pour 2025-10-11: Sukkot V (CH’’M)
[2025-05-10 22:58:48,946] INFO - 🕯 Allumage ajouté pour 2025-10-11: 19:37
[2025-05-10 22:58:48,955] INFO - 🕯 Allumage ajouté pour 2025-10-12: Sukkot VI (CH’’M)
[2025-05-10 22:58:48,957] INFO - 🕯 Allumage ajouté pour 2025-10-13: Sukkot VII (Hoshana Raba)
[2025-05-10 22:58:48,959] INFO - 🕯 Allumage ajouté pour 2025-10-13: 18:32
[2025-05-10 22:58:48,960] INFO - 🕯 Allumage ajouté pour 2025-10-14: Shmini Atzeret
[2025-05-10 22:58:48,961] INFO - 🕯 Allumage ajouté pour 2025-10-14: 19:32
[2025-05-10 22:58:48,962] INFO - 🕯 Allumage ajouté pour 2025-10-15: Simchat Torah
[2025-05-10 22:58:48,963] INFO - 🕯 Allumage ajouté pour 2025-10-15: 19:30
[2025-05-10 22:58:48,964] INFO - 🕯 Allumage ajouté pour 2025-12-14: 1 Candle
[2025-05-10 22:58:48,973] INFO - 🕯 Allumage ajouté pour 2025-12-15: 2 Candles
[2025-05-10 22:58:48,973] INFO - 🕯 Allumage ajouté pour 2025-12-16: 3 Candles
[2025-05-10 22:58:48,974] INFO - 🕯 Allumage ajouté pour 2025-12-17: 4 Candles
[2025-05-10 22:58:48,975] INFO - 🕯 Allumage ajouté pour 2025-12-18: 5 Candles
[2025-05-10 22:58:48,976] INFO - 🕯 Allumage ajouté pour 2025-12-19: 6 Candles
[2025-05-10 22:58:48,979] INFO - 🕯 Allumage ajouté pour 2025-12-19: 16:37
[2025-05-10 22:58:48,984] INFO - 🕯 Allumage ajouté pour 2025-12-20: Chag HaBanot
[2025-05-10 22:58:48,987] INFO - 🕯 Allumage ajouté pour 2025-12-20: 7 Candles
[2025-05-10 22:58:48,988] INFO - 🕯 Allumage ajouté pour 2025-12-20: 17:45
[2025-05-10 22:58:48,990] INFO - 🕯 Allumage ajouté pour 2025-12-21: 8 Candles
[2025-05-10 22:58:48,990] INFO - 🕯 Allumage ajouté pour 2025-12-22: 8th Day
[2025-05-10 22:58:48,993] INFO - 🕘 Début du jeûne ajouté pour 2025-12-30: 06:31
[2025-05-10 22:58:48,996] INFO - 🕯 Allumage ajouté pour 2025-12-30: Asara B’Tevet
[2025-05-10 22:58:49,007] INFO - 🕯 Allumage ajouté pour 2025-12-30: 17:42
[2025-05-10 22:58:49,009] INFO - 🕯 Allumage ajouté pour 2026-02-02: Tu BiShvat
[2025-05-10 22:58:49,010] INFO - 🕘 Début du jeûne ajouté pour 2026-03-02: 05:41
[2025-05-10 22:58:49,011] INFO - 🕯 Allumage ajouté pour 2026-03-02: Ta’anit Esther
[2025-05-10 22:58:49,013] INFO - 🕯 Allumage ajouté pour 2026-03-02: 18:56
[2025-05-10 22:58:49,021] INFO - 🕯 Allumage ajouté pour 2026-03-02: Erev Purim
[2025-05-10 22:58:49,022] INFO - 🕯 Allumage ajouté pour 2026-03-03: Purim
[2025-05-10 22:58:49,023] INFO - 🕯 Allumage ajouté pour 2026-03-04: Shushan Purim
[2025-05-10 22:58:49,025] INFO - 🕘 Début du jeûne ajouté pour 2026-04-01: 05:45
[2025-05-10 22:58:49,026] INFO - 🕯 Allumage ajouté pour 2026-04-01: Ta’anit Bechorot
[2025-05-10 22:58:49,028] INFO - 🕯 Allumage ajouté pour 2026-04-01: Erev Pesach
[2025-05-10 22:58:49,029] INFO - 🕯 Allumage ajouté pour 2026-04-01: 19:39
[2025-05-10 22:58:49,031] INFO - 🕯 Allumage ajouté pour 2026-04-02: Pesach I
[2025-05-10 22:58:49,038] INFO - 🕯 Allumage ajouté pour 2026-04-02: 20:42
[2025-05-10 22:58:49,039] INFO - 🕯 Allumage ajouté pour 2026-04-03: Pesach II
[2025-05-10 22:58:49,042] INFO - 🕯 Allumage ajouté pour 2026-04-03: 19:41
[2025-05-10 22:58:49,044] INFO - 🕯 Allumage ajouté pour 2026-04-04: Pesach III (CH’’M)
[2025-05-10 22:58:49,045] INFO - 🕯 Allumage ajouté pour 2026-04-04: 20:45
[2025-05-10 22:58:49,046] INFO - 🕯 Allumage ajouté pour 2026-04-05: Pesach IV (CH’’M)
[2025-05-10 22:58:49,048] INFO - 🕯 Allumage ajouté pour 2026-04-06: Pesach V (CH’’M)
[2025-05-10 22:58:49,057] INFO - 🕯 Allumage ajouté pour 2026-04-07: Pesach VI (CH’’M)
[2025-05-10 22:58:49,059] INFO - 🕯 Allumage ajouté pour 2026-04-07: 19:46
[2025-05-10 22:58:49,060] INFO - 🕯 Allumage ajouté pour 2026-04-08: Pesach VII
[2025-05-10 22:58:49,061] INFO - 🕯 Allumage ajouté pour 2026-04-08: 20:50
[2025-05-10 22:58:49,062] INFO - 🕯 Allumage ajouté pour 2026-04-09: Pesach VIII
[2025-05-10 22:58:49,063] INFO - 🕯 Allumage ajouté pour 2026-04-09: 20:51
[2025-05-10 22:58:49,064] INFO - 🕯 Allumage ajouté pour 2026-05-01: Pesach Sheni
[2025-05-10 22:58:49,072] INFO - 🕯 Allumage ajouté pour 2026-05-01: 20:15
[2025-05-10 22:58:49,073] INFO - 🕯 Allumage ajouté pour 2026-05-05: Lag BaOmer
[2025-05-10 22:58:49,074] INFO - 🕯 Allumage ajouté pour 2026-05-21: Erev Shavuot
[2025-05-10 22:58:49,077] INFO - 🕯 Allumage ajouté pour 2026-05-21: 20:37
[2025-05-10 22:58:49,080] INFO - 🕯 Allumage ajouté pour 2026-05-22: Shavuot I
[2025-05-10 22:58:49,081] INFO - 🕯 Allumage ajouté pour 2026-05-22: 20:38
[2025-05-10 22:58:49,085] INFO - 🕯 Allumage ajouté pour 2026-05-23: Shavuot II
[2025-05-10 22:58:49,088] INFO - 🕯 Allumage ajouté pour 2026-05-23: 21:49
[2025-05-10 22:58:49,089] INFO - 🕘 Début du jeûne ajouté pour 2026-07-02: 03:53
[2025-05-10 22:58:49,089] INFO - 🕯 Allumage ajouté pour 2026-07-02: Tzom Tammuz
[2025-05-10 22:58:49,090] INFO - 🕯 Allumage ajouté pour 2026-07-02: 22:00
[2025-05-10 22:58:49,091] INFO - 🕘 Début du jeûne ajouté pour 2026-07-22: 21:05
[2025-05-10 22:58:49,092] INFO - 🕯 Allumage ajouté pour 2026-07-22: Erev Tish’a B’Av
[2025-05-10 22:58:49,092] INFO - 🕯 Allumage ajouté pour 2026-07-23: Tish’a B’Av
[2025-05-10 22:58:49,093] INFO - 🕯 Allumage ajouté pour 2026-07-23: 21:45
[2025-05-10 22:58:49,094] INFO - 🕯 Allumage ajouté pour 2026-07-29: Tu B’Av
[2025-05-10 22:58:49,095] INFO - 🕯 Allumage ajouté pour 2026-08-14: Rosh Hashana LaBehemot
[2025-05-10 22:58:49,095] INFO - 🕯 Allumage ajouté pour 2026-08-14: 20:18
[2025-05-10 22:58:49,096] INFO - 🕯 Allumage ajouté pour 2026-09-05: Leil Selichot
[2025-05-10 22:58:49,097] INFO - 🕯 Allumage ajouté pour 2026-09-05: 20:43
[2025-05-10 22:58:49,097] INFO - 🕯 Allumage ajouté pour 2026-09-11: Erev Rosh Hashana
[2025-05-10 22:58:49,104] INFO - 🕯 Allumage ajouté pour 2026-09-11: 19:30
[2025-05-10 22:58:49,106] INFO - 🕯 Allumage ajouté pour 2026-09-12: Rosh Hashana 5787
[2025-05-10 22:58:49,107] INFO - 🕯 Allumage ajouté pour 2026-09-12: 20:30
[2025-05-10 22:58:49,107] INFO - 🕯 Allumage ajouté pour 2026-09-13: Rosh Hashana II
[2025-05-10 22:58:49,110] INFO - 🕯 Allumage ajouté pour 2026-09-13: 20:28
[2025-05-10 22:58:49,111] INFO - 🕘 Début du jeûne ajouté pour 2026-09-14: 05:42
[2025-05-10 22:58:49,112] INFO - 🕯 Allumage ajouté pour 2026-09-14: Tzom Gedaliah
[2025-05-10 22:58:49,112] INFO - 🕯 Allumage ajouté pour 2026-09-14: 20:18
[2025-05-10 22:58:49,113] INFO - 🕯 Allumage ajouté pour 2026-09-20: Erev Yom Kippur
[2025-05-10 22:58:49,114] INFO - 🕯 Allumage ajouté pour 2026-09-20: 19:14
[2025-05-10 22:58:49,122] INFO - 🕯 Allumage ajouté pour 2026-09-21: Yom Kippur
[2025-05-10 22:58:49,125] INFO - 🕯 Allumage ajouté pour 2026-09-21: 20:13
[2025-05-10 22:58:49,126] INFO - 🕯 Allumage ajouté pour 2026-09-25: Erev Sukkot
[2025-05-10 22:58:49,127] INFO - 🕯 Allumage ajouté pour 2026-09-25: 19:05
[2025-05-10 22:58:49,128] INFO - 🕯 Allumage ajouté pour 2026-09-26: Sukkot I
[2025-05-10 22:58:49,130] INFO - 🕯 Allumage ajouté pour 2026-09-26: 20:04
[2025-05-10 22:58:49,137] INFO - 🕯 Allumage ajouté pour 2026-09-27: Sukkot II
[2025-05-10 22:58:49,140] INFO - 🕯 Allumage ajouté pour 2026-09-27: 20:02
[2025-05-10 22:58:49,141] INFO - 📦 Total des fêtes renvoyées : 67
[2025-05-10 22:58:49,143] INFO - 127.0.0.1 - - [10/May/2025 22:58:49] "GET /fetes?ville=nice&start=2025-08-01&end=2026-09-27 HTTP/1.1" 200 -
[2025-05-10 22:59:16,570] INFO - ▶ Requête reçue sur /fetes
[2025-05-10 22:59:16,570] INFO - 📅 Période demandée : 2025-08-01 ➡ 2026-09-27 | geonameid=2990440
[2025-05-10 22:59:16,574] INFO - 🌐 Requête vers Hebcal API...
[2025-05-10 22:59:17,029] INFO - ✅ 225 événements récupérés depuis Hebcal
[2025-05-10 22:59:17,030] INFO - 🎉 Fête trouvée : Erev Tish’a B’Av (2025-08-02)
[2025-05-10 22:59:17,031] INFO - 🎉 Fête trouvée : Tish’a B’Av (2025-08-03)
[2025-05-10 22:59:17,032] INFO - 🎉 Fête trouvée : Tu B’Av (2025-08-09)
[2025-05-10 22:59:17,032] INFO - 🎉 Fête trouvée : Rosh Hashana LaBehemot (2025-08-25)
[2025-05-10 22:59:17,033] INFO - 🎉 Fête trouvée : Leil Selichot (2025-09-13)
[2025-05-10 22:59:17,034] INFO - 🎉 Fête trouvée : Erev Rosh Hashana (2025-09-22)
[2025-05-10 22:59:17,035] INFO - 🎉 Fête trouvée : Rosh Hashana 5786 (2025-09-23)
[2025-05-10 22:59:17,037] INFO - 🎉 Fête trouvée : Rosh Hashana II (2025-09-24)
[2025-05-10 22:59:17,037] INFO - 🎉 Fête trouvée : Tzom Gedaliah (2025-09-25)
[2025-05-10 22:59:17,044] INFO - 🎉 Fête trouvée : Erev Yom Kippur (2025-10-01)
[2025-05-10 22:59:17,046] INFO - 🎉 Fête trouvée : Yom Kippur (2025-10-02)
[2025-05-10 22:59:17,047] INFO - 🎉 Fête trouvée : Erev Sukkot (2025-10-06)
[2025-05-10 22:59:17,048] INFO - 🎉 Fête trouvée : Sukkot I (2025-10-07)
[2025-05-10 22:59:17,048] INFO - 🎉 Fête trouvée : Sukkot II (2025-10-08)
[2025-05-10 22:59:17,049] INFO - 🎉 Fête trouvée : Sukkot III (CH’’M) (2025-10-09)
[2025-05-10 22:59:17,050] INFO - 🎉 Fête trouvée : Sukkot IV (CH’’M) (2025-10-10)
[2025-05-10 22:59:17,050] INFO - 🎉 Fête trouvée : Sukkot V (CH’’M) (2025-10-11)
[2025-05-10 22:59:17,051] INFO - 🎉 Fête trouvée : Sukkot VI (CH’’M) (2025-10-12)
[2025-05-10 22:59:17,052] INFO - 🎉 Fête trouvée : Sukkot VII (Hoshana Raba) (2025-10-13)
[2025-05-10 22:59:17,052] INFO - 🎉 Fête trouvée : Shmini Atzeret (2025-10-14)
[2025-05-10 22:59:17,053] INFO - 🎉 Fête trouvée : Simchat Torah (2025-10-15)
[2025-05-10 22:59:17,053] INFO - 🎉 Fête trouvée : Chanukah: 1 Candle (2025-12-14)
[2025-05-10 22:59:17,054] INFO - 🎉 Fête trouvée : Chanukah: 2 Candles (2025-12-15)
[2025-05-10 22:59:17,060] INFO - 🎉 Fête trouvée : Chanukah: 3 Candles (2025-12-16)
[2025-05-10 22:59:17,062] INFO - 🎉 Fête trouvée : Chanukah: 4 Candles (2025-12-17)
[2025-05-10 22:59:17,063] INFO - 🎉 Fête trouvée : Chanukah: 5 Candles (2025-12-18)
[2025-05-10 22:59:17,064] INFO - 🎉 Fête trouvée : Chanukah: 6 Candles (2025-12-19)
[2025-05-10 22:59:17,065] INFO - 🎉 Fête trouvée : Chag HaBanot (2025-12-20)
[2025-05-10 22:59:17,066] INFO - 🎉 Fête trouvée : Chanukah: 7 Candles (2025-12-20)
[2025-05-10 22:59:17,066] INFO - 🎉 Fête trouvée : Chanukah: 8 Candles (2025-12-21)
[2025-05-10 22:59:17,068] INFO - 🎉 Fête trouvée : Chanukah: 8th Day (2025-12-22)
[2025-05-10 22:59:17,068] INFO - 🎉 Fête trouvée : Asara B’Tevet (2025-12-30)
[2025-05-10 22:59:17,069] INFO - 🎉 Fête trouvée : Tu BiShvat (2026-02-02)
[2025-05-10 22:59:17,070] INFO - 🎉 Fête trouvée : Ta’anit Esther (2026-03-02)
[2025-05-10 22:59:17,071] INFO - 🎉 Fête trouvée : Erev Purim (2026-03-02)
[2025-05-10 22:59:17,076] INFO - 🎉 Fête trouvée : Purim (2026-03-03)
[2025-05-10 22:59:17,077] INFO - 🎉 Fête trouvée : Shushan Purim (2026-03-04)
[2025-05-10 22:59:17,078] INFO - 🎉 Fête trouvée : Ta’anit Bechorot (2026-04-01)
[2025-05-10 22:59:17,079] INFO - 🎉 Fête trouvée : Erev Pesach (2026-04-01)
[2025-05-10 22:59:17,080] INFO - 🎉 Fête trouvée : Pesach I (2026-04-02)
[2025-05-10 22:59:17,081] INFO - 🎉 Fête trouvée : Pesach II (2026-04-03)
[2025-05-10 22:59:17,081] INFO - 🎉 Fête trouvée : Pesach III (CH’’M) (2026-04-04)
[2025-05-10 22:59:17,082] INFO - 🎉 Fête trouvée : Pesach IV (CH’’M) (2026-04-05)
[2025-05-10 22:59:17,082] INFO - 🎉 Fête trouvée : Pesach V (CH’’M) (2026-04-06)
[2025-05-10 22:59:17,083] INFO - 🎉 Fête trouvée : Pesach VI (CH’’M) (2026-04-07)
[2025-05-10 22:59:17,084] INFO - 🎉 Fête trouvée : Pesach VII (2026-04-08)
[2025-05-10 22:59:17,085] INFO - 🎉 Fête trouvée : Pesach VIII (2026-04-09)
[2025-05-10 22:59:17,085] INFO - 🎉 Fête trouvée : Pesach Sheni (2026-05-01)
[2025-05-10 22:59:17,086] INFO - 🎉 Fête trouvée : Lag BaOmer (2026-05-05)
[2025-05-10 22:59:17,086] INFO - 🎉 Fête trouvée : Erev Shavuot (2026-05-21)
[2025-05-10 22:59:17,087] INFO - 🎉 Fête trouvée : Shavuot I (2026-05-22)
[2025-05-10 22:59:17,089] INFO - 🎉 Fête trouvée : Shavuot II (2026-05-23)
[2025-05-10 22:59:17,093] INFO - 🎉 Fête trouvée : Tzom Tammuz (2026-07-02)
[2025-05-10 22:59:17,095] INFO - 🎉 Fête trouvée : Erev Tish’a B’Av (2026-07-22)
[2025-05-10 22:59:17,095] INFO - 🎉 Fête trouvée : Tish’a B’Av (2026-07-23)
[2025-05-10 22:59:17,096] INFO - 🎉 Fête trouvée : Tu B’Av (2026-07-29)
[2025-05-10 22:59:17,097] INFO - 🎉 Fête trouvée : Rosh Hashana LaBehemot (2026-08-14)
[2025-05-10 22:59:17,097] INFO - 🎉 Fête trouvée : Leil Selichot (2026-09-05)
[2025-05-10 22:59:17,098] INFO - 🎉 Fête trouvée : Erev Rosh Hashana (2026-09-11)
[2025-05-10 22:59:17,098] INFO - 🎉 Fête trouvée : Rosh Hashana 5787 (2026-09-12)
[2025-05-10 22:59:17,099] INFO - 🎉 Fête trouvée : Rosh Hashana II (2026-09-13)
[2025-05-10 22:59:17,100] INFO - 🎉 Fête trouvée : Tzom Gedaliah (2026-09-14)
[2025-05-10 22:59:17,100] INFO - 🎉 Fête trouvée : Erev Yom Kippur (2026-09-20)
[2025-05-10 22:59:17,101] INFO - 🎉 Fête trouvée : Yom Kippur (2026-09-21)
[2025-05-10 22:59:17,102] INFO - 🎉 Fête trouvée : Erev Sukkot (2026-09-25)
[2025-05-10 22:59:17,102] INFO - 🎉 Fête trouvée : Sukkot I (2026-09-26)
[2025-05-10 22:59:17,103] INFO - 🎉 Fête trouvée : Sukkot II (2026-09-27)
[2025-05-10 22:59:17,104] INFO - 🕘 Début du jeûne ajouté pour 2025-08-02: 20:53
[2025-05-10 22:59:17,110] INFO - 🕯 Allumage ajouté pour 2025-08-02: Erev Tish’a B’Av
[2025-05-10 22:59:17,111] INFO - 🕯 Allumage ajouté pour 2025-08-02: 21:42
[2025-05-10 22:59:17,112] INFO - 🕯 Allumage ajouté pour 2025-08-03: Tish’a B’Av
[2025-05-10 22:59:17,112] INFO - 🕯 Allumage ajouté pour 2025-08-03: 21:31
[2025-05-10 22:59:17,113] INFO - 🕯 Allumage ajouté pour 2025-08-09: Tu B’Av
[2025-05-10 22:59:17,113] INFO - 🕯 Allumage ajouté pour 2025-08-09: 21:31
[2025-05-10 22:59:17,114] INFO - 🕯 Allumage ajouté pour 2025-08-25: Rosh Hashana LaBehemot
[2025-05-10 22:59:17,114] INFO - 🕯 Allumage ajouté pour 2025-09-13: Leil Selichot
[2025-05-10 22:59:17,115] INFO - 🕯 Allumage ajouté pour 2025-09-13: 20:28
[2025-05-10 22:59:17,116] INFO - 🕯 Allumage ajouté pour 2025-09-22: Erev Rosh Hashana
[2025-05-10 22:59:17,116] INFO - 🕯 Allumage ajouté pour 2025-09-22: 19:10
[2025-05-10 22:59:17,117] INFO - 🕯 Allumage ajouté pour 2025-09-23: Rosh Hashana 5786
[2025-05-10 22:59:17,117] INFO - 🕯 Allumage ajouté pour 2025-09-23: 20:09
[2025-05-10 22:59:17,118] INFO - 🕯 Allumage ajouté pour 2025-09-24: Rosh Hashana II
[2025-05-10 22:59:17,118] INFO - 🕯 Allumage ajouté pour 2025-09-24: 20:07
[2025-05-10 22:59:17,119] INFO - 🕘 Début du jeûne ajouté pour 2025-09-25: 05:56
[2025-05-10 22:59:17,119] INFO - 🕯 Allumage ajouté pour 2025-09-25: Tzom Gedaliah
[2025-05-10 22:59:17,120] INFO - 🕯 Allumage ajouté pour 2025-09-25: 19:57
[2025-05-10 22:59:17,120] INFO - 🕯 Allumage ajouté pour 2025-10-01: Erev Yom Kippur
[2025-05-10 22:59:17,125] INFO - 🕯 Allumage ajouté pour 2025-10-01: 18:53
[2025-05-10 22:59:17,127] INFO - 🕯 Allumage ajouté pour 2025-10-02: Yom Kippur
[2025-05-10 22:59:17,128] INFO - 🕯 Allumage ajouté pour 2025-10-02: 19:52
[2025-05-10 22:59:17,129] INFO - 🕯 Allumage ajouté pour 2025-10-06: Erev Sukkot
[2025-05-10 22:59:17,130] INFO - 🕯 Allumage ajouté pour 2025-10-06: 18:44
[2025-05-10 22:59:17,131] INFO - 🕯 Allumage ajouté pour 2025-10-07: Sukkot I
[2025-05-10 22:59:17,131] INFO - 🕯 Allumage ajouté pour 2025-10-07: 19:44
[2025-05-10 22:59:17,131] INFO - 🕯 Allumage ajouté pour 2025-10-08: Sukkot II
[2025-05-10 22:59:17,132] INFO - 🕯 Allumage ajouté pour 2025-10-08: 19:42
[2025-05-10 22:59:17,132] INFO - 🕯 Allumage ajouté pour 2025-10-09: Sukkot III (CH’’M)
[2025-05-10 22:59:17,133] INFO - 🕯 Allumage ajouté pour 2025-10-10: Sukkot IV (CH’’M)
[2025-05-10 22:59:17,133] INFO - 🕯 Allumage ajouté pour 2025-10-10: 18:37
[2025-05-10 22:59:17,134] INFO - 🕯 Allumage ajouté pour 2025-10-11: Sukkot V (CH’’M)
[2025-05-10 22:59:17,134] INFO - 🕯 Allumage ajouté pour 2025-10-11: 19:37
[2025-05-10 22:59:17,135] INFO - 🕯 Allumage ajouté pour 2025-10-12: Sukkot VI (CH’’M)
[2025-05-10 22:59:17,136] INFO - 🕯 Allumage ajouté pour 2025-10-13: Sukkot VII (Hoshana Raba)
[2025-05-10 22:59:17,136] INFO - 🕯 Allumage ajouté pour 2025-10-13: 18:32
[2025-05-10 22:59:17,137] INFO - 🕯 Allumage ajouté pour 2025-10-14: Shmini Atzeret
[2025-05-10 22:59:17,139] INFO - 🕯 Allumage ajouté pour 2025-10-14: 19:32
[2025-05-10 22:59:17,143] INFO - 🕯 Allumage ajouté pour 2025-10-15: Simchat Torah
[2025-05-10 22:59:17,144] INFO - 🕯 Allumage ajouté pour 2025-10-15: 19:30
[2025-05-10 22:59:17,145] INFO - 🕯 Allumage ajouté pour 2025-12-14: 1 Candle
[2025-05-10 22:59:17,145] INFO - 🕯 Allumage ajouté pour 2025-12-15: 2 Candles
[2025-05-10 22:59:17,146] INFO - 🕯 Allumage ajouté pour 2025-12-16: 3 Candles
[2025-05-10 22:59:17,146] INFO - 🕯 Allumage ajouté pour 2025-12-17: 4 Candles
[2025-05-10 22:59:17,147] INFO - 🕯 Allumage ajouté pour 2025-12-18: 5 Candles
[2025-05-10 22:59:17,147] INFO - 🕯 Allumage ajouté pour 2025-12-19: 6 Candles
[2025-05-10 22:59:17,148] INFO - 🕯 Allumage ajouté pour 2025-12-19: 16:37
[2025-05-10 22:59:17,148] INFO - 🕯 Allumage ajouté pour 2025-12-20: Chag HaBanot
[2025-05-10 22:59:17,149] INFO - 🕯 Allumage ajouté pour 2025-12-20: 7 Candles
[2025-05-10 22:59:17,150] INFO - 🕯 Allumage ajouté pour 2025-12-20: 17:45
[2025-05-10 22:59:17,150] INFO - 🕯 Allumage ajouté pour 2025-12-21: 8 Candles
[2025-05-10 22:59:17,151] INFO - 🕯 Allumage ajouté pour 2025-12-22: 8th Day
[2025-05-10 22:59:17,151] INFO - 🕘 Début du jeûne ajouté pour 2025-12-30: 06:31
[2025-05-10 22:59:17,152] INFO - 🕯 Allumage ajouté pour 2025-12-30: Asara B’Tevet
[2025-05-10 22:59:17,152] INFO - 🕯 Allumage ajouté pour 2025-12-30: 17:42
[2025-05-10 22:59:17,153] INFO - 🕯 Allumage ajouté pour 2026-02-02: Tu BiShvat
[2025-05-10 22:59:17,154] INFO - 🕘 Début du jeûne ajouté pour 2026-03-02: 05:41
[2025-05-10 22:59:17,158] INFO - 🕯 Allumage ajouté pour 2026-03-02: Ta’anit Esther
[2025-05-10 22:59:17,159] INFO - 🕯 Allumage ajouté pour 2026-03-02: 18:56
[2025-05-10 22:59:17,161] INFO - 🕯 Allumage ajouté pour 2026-03-02: Erev Purim
[2025-05-10 22:59:17,161] INFO - 🕯 Allumage ajouté pour 2026-03-03: Purim
[2025-05-10 22:59:17,162] INFO - 🕯 Allumage ajouté pour 2026-03-04: Shushan Purim
[2025-05-10 22:59:17,162] INFO - 🕘 Début du jeûne ajouté pour 2026-04-01: 05:45
[2025-05-10 22:59:17,163] INFO - 🕯 Allumage ajouté pour 2026-04-01: Ta’anit Bechorot
[2025-05-10 22:59:17,214] INFO - 🕯 Allumage ajouté pour 2026-04-01: Erev Pesach
[2025-05-10 22:59:17,249] INFO - 🕯 Allumage ajouté pour 2026-04-01: 19:39
[2025-05-10 22:59:17,260] INFO - 🕯 Allumage ajouté pour 2026-04-02: Pesach I
[2025-05-10 22:59:17,286] INFO - 🕯 Allumage ajouté pour 2026-04-02: 20:42
[2025-05-10 22:59:17,290] INFO - 🕯 Allumage ajouté pour 2026-04-03: Pesach II
[2025-05-10 22:59:17,292] INFO - 🕯 Allumage ajouté pour 2026-04-03: 19:41
[2025-05-10 22:59:17,293] INFO - 🕯 Allumage ajouté pour 2026-04-04: Pesach III (CH’’M)
[2025-05-10 22:59:17,294] INFO - 🕯 Allumage ajouté pour 2026-04-04: 20:45
[2025-05-10 22:59:17,295] INFO - 🕯 Allumage ajouté pour 2026-04-05: Pesach IV (CH’’M)
[2025-05-10 22:59:17,296] INFO - 🕯 Allumage ajouté pour 2026-04-06: Pesach V (CH’’M)
[2025-05-10 22:59:17,296] INFO - 🕯 Allumage ajouté pour 2026-04-07: Pesach VI (CH’’M)
[2025-05-10 22:59:17,297] INFO - 🕯 Allumage ajouté pour 2026-04-07: 19:46
[2025-05-10 22:59:17,297] INFO - 🕯 Allumage ajouté pour 2026-04-08: Pesach VII
[2025-05-10 22:59:17,316] INFO - 🕯 Allumage ajouté pour 2026-04-08: 20:50
[2025-05-10 22:59:17,318] INFO - 🕯 Allumage ajouté pour 2026-04-09: Pesach VIII
[2025-05-10 22:59:17,319] INFO - 🕯 Allumage ajouté pour 2026-04-09: 20:51
[2025-05-10 22:59:17,319] INFO - 🕯 Allumage ajouté pour 2026-05-01: Pesach Sheni
[2025-05-10 22:59:17,320] INFO - 🕯 Allumage ajouté pour 2026-05-01: 20:15
[2025-05-10 22:59:17,327] INFO - 🕯 Allumage ajouté pour 2026-05-05: Lag BaOmer
[2025-05-10 22:59:17,330] INFO - 🕯 Allumage ajouté pour 2026-05-21: Erev Shavuot
[2025-05-10 22:59:17,332] INFO - 🕯 Allumage ajouté pour 2026-05-21: 20:37
[2025-05-10 22:59:17,333] INFO - 🕯 Allumage ajouté pour 2026-05-22: Shavuot I
[2025-05-10 22:59:17,335] INFO - 🕯 Allumage ajouté pour 2026-05-22: 20:38
[2025-05-10 22:59:17,336] INFO - 🕯 Allumage ajouté pour 2026-05-23: Shavuot II
[2025-05-10 22:59:17,338] INFO - 🕯 Allumage ajouté pour 2026-05-23: 21:49
[2025-05-10 22:59:17,346] INFO - 🕘 Début du jeûne ajouté pour 2026-07-02: 03:53
[2025-05-10 22:59:17,347] INFO - 🕯 Allumage ajouté pour 2026-07-02: Tzom Tammuz
[2025-05-10 22:59:17,348] INFO - 🕯 Allumage ajouté pour 2026-07-02: 22:00
[2025-05-10 22:59:17,348] INFO - 🕘 Début du jeûne ajouté pour 2026-07-22: 21:05
[2025-05-10 22:59:17,349] INFO - 🕯 Allumage ajouté pour 2026-07-22: Erev Tish’a B’Av
[2025-05-10 22:59:17,349] INFO - 🕯 Allumage ajouté pour 2026-07-23: Tish’a B’Av
[2025-05-10 22:59:17,351] INFO - 🕯 Allumage ajouté pour 2026-07-23: 21:45
[2025-05-10 22:59:17,354] INFO - 🕯 Allumage ajouté pour 2026-07-29: Tu B’Av
[2025-05-10 22:59:17,358] INFO - 🕯 Allumage ajouté pour 2026-08-14: Rosh Hashana LaBehemot
[2025-05-10 22:59:17,363] INFO - 🕯 Allumage ajouté pour 2026-08-14: 20:18
[2025-05-10 22:59:17,364] INFO - 🕯 Allumage ajouté pour 2026-09-05: Leil Selichot
[2025-05-10 22:59:17,364] INFO - 🕯 Allumage ajouté pour 2026-09-05: 20:43
[2025-05-10 22:59:17,365] INFO - 🕯 Allumage ajouté pour 2026-09-11: Erev Rosh Hashana
[2025-05-10 22:59:17,366] INFO - 🕯 Allumage ajouté pour 2026-09-11: 19:30
[2025-05-10 22:59:17,367] INFO - 🕯 Allumage ajouté pour 2026-09-12: Rosh Hashana 5787
[2025-05-10 22:59:17,368] INFO - 🕯 Allumage ajouté pour 2026-09-12: 20:30
[2025-05-10 22:59:17,368] INFO - 🕯 Allumage ajouté pour 2026-09-13: Rosh Hashana II
[2025-05-10 22:59:17,369] INFO - 🕯 Allumage ajouté pour 2026-09-13: 20:28
[2025-05-10 22:59:17,370] INFO - 🕘 Début du jeûne ajouté pour 2026-09-14: 05:42
[2025-05-10 22:59:17,370] INFO - 🕯 Allumage ajouté pour 2026-09-14: Tzom Gedaliah
[2025-05-10 22:59:17,371] INFO - 🕯 Allumage ajouté pour 2026-09-14: 20:18
[2025-05-10 22:59:17,377] INFO - 🕯 Allumage ajouté pour 2026-09-20: Erev Yom Kippur
[2025-05-10 22:59:17,378] INFO - 🕯 Allumage ajouté pour 2026-09-20: 19:14
[2025-05-10 22:59:17,379] INFO - 🕯 Allumage ajouté pour 2026-09-21: Yom Kippur
[2025-05-10 22:59:17,380] INFO - 🕯 Allumage ajouté pour 2026-09-21: 20:13
[2025-05-10 22:59:17,381] INFO - 🕯 Allumage ajouté pour 2026-09-25: Erev Sukkot
[2025-05-10 22:59:17,382] INFO - 🕯 Allumage ajouté pour 2026-09-25: 19:05
[2025-05-10 22:59:17,382] INFO - 🕯 Allumage ajouté pour 2026-09-26: Sukkot I
[2025-05-10 22:59:17,383] INFO - 🕯 Allumage ajouté pour 2026-09-26: 20:04
[2025-05-10 22:59:17,384] INFO - 🕯 Allumage ajouté pour 2026-09-27: Sukkot II
[2025-05-10 22:59:17,385] INFO - 🕯 Allumage ajouté pour 2026-09-27: 20:02
[2025-05-10 22:59:17,385] INFO - 📦 Total des fêtes renvoyées : 67
[2025-05-10 22:59:17,387] INFO - 127.0.0.1 - - [10/May/2025 22:59:17] "GET /fetes?ville=nice&start=2025-08-01&end=2026-09-27 HTTP/1.1" 200 -
[2025-05-10 23:00:22,599] INFO -  * Detected change in 'D:\\Dropbox\\GitHub\\Agenda_Elodie\\app.py', reloading
[2025-05-10 23:00:28,536] INFO - Flask va démarrer sur le port 3000
[2025-05-10 23:00:28,569] WARNING -  * Debugger is active!
[2025-05-10 23:00:28,583] INFO -  * Debugger PIN: 363-886-414
[2025-05-10 23:00:44,625] INFO - ▶ Requête reçue sur /fetes
[2025-05-10 23:00:44,627] INFO - 📅 Période demandée : 2025-08-01 ➡ 2026-09-27 | geonameid=2973783
[2025-05-10 23:00:44,635] INFO - 🌐 Requête vers Hebcal API...
[2025-05-10 23:00:45,142] INFO - ✅ 225 événements récupérés depuis Hebcal
[2025-05-10 23:00:45,142] INFO - 🎉 Fête trouvée : Erev Tish’a B’Av (2025-08-02)
[2025-05-10 23:00:45,143] INFO - 🎉 Fête trouvée : Tish’a B’Av (2025-08-03)
[2025-05-10 23:00:45,143] INFO - 🎉 Fête trouvée : Tu B’Av (2025-08-09)
[2025-05-10 23:00:45,144] INFO - 🎉 Fête trouvée : Rosh Hashana LaBehemot (2025-08-25)
[2025-05-10 23:00:45,144] INFO - 🎉 Fête trouvée : Leil Selichot (2025-09-13)
[2025-05-10 23:00:45,145] INFO - 🎉 Fête trouvée : Erev Rosh Hashana (2025-09-22)
[2025-05-10 23:00:45,148] INFO - 🎉 Fête trouvée : Rosh Hashana 5786 (2025-09-23)
[2025-05-10 23:00:45,149] INFO - 🎉 Fête trouvée : Rosh Hashana II (2025-09-24)
[2025-05-10 23:00:45,151] INFO - 🎉 Fête trouvée : Tzom Gedaliah (2025-09-25)
[2025-05-10 23:00:45,152] INFO - 🎉 Fête trouvée : Erev Yom Kippur (2025-10-01)
[2025-05-10 23:00:45,152] INFO - 🎉 Fête trouvée : Yom Kippur (2025-10-02)
[2025-05-10 23:00:45,154] INFO - 🎉 Fête trouvée : Erev Sukkot (2025-10-06)
[2025-05-10 23:00:45,154] INFO - 🎉 Fête trouvée : Sukkot I (2025-10-07)
[2025-05-10 23:00:45,155] INFO - 🎉 Fête trouvée : Sukkot II (2025-10-08)
[2025-05-10 23:00:45,155] INFO - 🎉 Fête trouvée : Sukkot III (CH’’M) (2025-10-09)
[2025-05-10 23:00:45,156] INFO - 🎉 Fête trouvée : Sukkot IV (CH’’M) (2025-10-10)
[2025-05-10 23:00:45,156] INFO - 🎉 Fête trouvée : Sukkot V (CH’’M) (2025-10-11)
[2025-05-10 23:00:45,157] INFO - 🎉 Fête trouvée : Sukkot VI (CH’’M) (2025-10-12)
[2025-05-10 23:00:45,157] INFO - 🎉 Fête trouvée : Sukkot VII (Hoshana Raba) (2025-10-13)
[2025-05-10 23:00:45,157] INFO - 🎉 Fête trouvée : Shmini Atzeret (2025-10-14)
[2025-05-10 23:00:45,158] INFO - 🎉 Fête trouvée : Simchat Torah (2025-10-15)
[2025-05-10 23:00:45,159] INFO - 🎉 Fête trouvée : Chanukah: 1 Candle (2025-12-14)
[2025-05-10 23:00:45,159] INFO - 🎉 Fête trouvée : Chanukah: 2 Candles (2025-12-15)
[2025-05-10 23:00:45,160] INFO - 🎉 Fête trouvée : Chanukah: 3 Candles (2025-12-16)
[2025-05-10 23:00:45,161] INFO - 🎉 Fête trouvée : Chanukah: 4 Candles (2025-12-17)
[2025-05-10 23:00:45,161] INFO - 🎉 Fête trouvée : Chanukah: 5 Candles (2025-12-18)
[2025-05-10 23:00:45,166] INFO - 🎉 Fête trouvée : Chanukah: 6 Candles (2025-12-19)
[2025-05-10 23:00:45,167] INFO - 🎉 Fête trouvée : Chag HaBanot (2025-12-20)
[2025-05-10 23:00:45,167] INFO - 🎉 Fête trouvée : Chanukah: 7 Candles (2025-12-20)
[2025-05-10 23:00:45,168] INFO - 🎉 Fête trouvée : Chanukah: 8 Candles (2025-12-21)
[2025-05-10 23:00:45,169] INFO - 🎉 Fête trouvée : Chanukah: 8th Day (2025-12-22)
[2025-05-10 23:00:45,170] INFO - 🎉 Fête trouvée : Asara B’Tevet (2025-12-30)
[2025-05-10 23:00:45,170] INFO - 🎉 Fête trouvée : Tu BiShvat (2026-02-02)
[2025-05-10 23:00:45,171] INFO - 🎉 Fête trouvée : Ta’anit Esther (2026-03-02)
[2025-05-10 23:00:45,171] INFO - 🎉 Fête trouvée : Erev Purim (2026-03-02)
[2025-05-10 23:00:45,172] INFO - 🎉 Fête trouvée : Purim (2026-03-03)
[2025-05-10 23:00:45,172] INFO - 🎉 Fête trouvée : Shushan Purim (2026-03-04)
[2025-05-10 23:00:45,173] INFO - 🎉 Fête trouvée : Ta’anit Bechorot (2026-04-01)
[2025-05-10 23:00:45,173] INFO - 🎉 Fête trouvée : Erev Pesach (2026-04-01)
[2025-05-10 23:00:45,174] INFO - 🎉 Fête trouvée : Pesach I (2026-04-02)
[2025-05-10 23:00:45,174] INFO - 🎉 Fête trouvée : Pesach II (2026-04-03)
[2025-05-10 23:00:45,175] INFO - 🎉 Fête trouvée : Pesach III (CH’’M) (2026-04-04)
[2025-05-10 23:00:45,175] INFO - 🎉 Fête trouvée : Pesach IV (CH’’M) (2026-04-05)
[2025-05-10 23:00:45,176] INFO - 🎉 Fête trouvée : Pesach V (CH’’M) (2026-04-06)
[2025-05-10 23:00:45,176] INFO - 🎉 Fête trouvée : Pesach VI (CH’’M) (2026-04-07)
[2025-05-10 23:00:45,177] INFO - 🎉 Fête trouvée : Pesach VII (2026-04-08)
[2025-05-10 23:00:45,178] INFO - 🎉 Fête trouvée : Pesach VIII (2026-04-09)
[2025-05-10 23:00:45,182] INFO - 🎉 Fête trouvée : Pesach Sheni (2026-05-01)
[2025-05-10 23:00:45,183] INFO - 🎉 Fête trouvée : Lag BaOmer (2026-05-05)
[2025-05-10 23:00:45,184] INFO - 🎉 Fête trouvée : Erev Shavuot (2026-05-21)
[2025-05-10 23:00:45,185] INFO - 🎉 Fête trouvée : Shavuot I (2026-05-22)
[2025-05-10 23:00:45,186] INFO - 🎉 Fête trouvée : Shavuot II (2026-05-23)
[2025-05-10 23:00:45,186] INFO - 🎉 Fête trouvée : Tzom Tammuz (2026-07-02)
[2025-05-10 23:00:45,187] INFO - 🎉 Fête trouvée : Erev Tish’a B’Av (2026-07-22)
[2025-05-10 23:00:45,187] INFO - 🎉 Fête trouvée : Tish’a B’Av (2026-07-23)
[2025-05-10 23:00:45,189] INFO - 🎉 Fête trouvée : Tu B’Av (2026-07-29)
[2025-05-10 23:00:45,190] INFO - 🎉 Fête trouvée : Rosh Hashana LaBehemot (2026-08-14)
[2025-05-10 23:00:45,190] INFO - 🎉 Fête trouvée : Leil Selichot (2026-09-05)
[2025-05-10 23:00:45,190] INFO - 🎉 Fête trouvée : Erev Rosh Hashana (2026-09-11)
[2025-05-10 23:00:45,191] INFO - 🎉 Fête trouvée : Rosh Hashana 5787 (2026-09-12)
[2025-05-10 23:00:45,191] INFO - 🎉 Fête trouvée : Rosh Hashana II (2026-09-13)
[2025-05-10 23:00:45,192] INFO - 🎉 Fête trouvée : Tzom Gedaliah (2026-09-14)
[2025-05-10 23:00:45,193] INFO - 🎉 Fête trouvée : Erev Yom Kippur (2026-09-20)
[2025-05-10 23:00:45,193] INFO - 🎉 Fête trouvée : Yom Kippur (2026-09-21)
[2025-05-10 23:00:45,194] INFO - 🎉 Fête trouvée : Erev Sukkot (2026-09-25)
[2025-05-10 23:00:45,199] INFO - 🎉 Fête trouvée : Sukkot I (2026-09-26)
[2025-05-10 23:00:45,199] INFO - 🎉 Fête trouvée : Sukkot II (2026-09-27)
[2025-05-10 23:00:45,201] INFO - 🕘 Début du jeûne ajouté pour 2025-08-02: 21:05
[2025-05-10 23:00:45,202] INFO - 🕯 Allumage ajouté pour 2025-08-02: Erev Tish’a B’Av
[2025-05-10 23:00:45,203] INFO - 🕯 Allumage ajouté pour 2025-08-02: 22:01
[2025-05-10 23:00:45,203] INFO - 🕯 Allumage ajouté pour 2025-08-03: Tish’a B’Av
[2025-05-10 23:00:45,203] INFO - 🕯 Allumage ajouté pour 2025-08-03: 21:48
[2025-05-10 23:00:45,204] INFO - 🕯 Allumage ajouté pour 2025-08-09: Tu B’Av
[2025-05-10 23:00:45,205] INFO - 🕯 Allumage ajouté pour 2025-08-09: 21:48
[2025-05-10 23:00:45,206] INFO - 🕯 Allumage ajouté pour 2025-08-25: Rosh Hashana LaBehemot
[2025-05-10 23:00:45,206] INFO - 🕯 Allumage ajouté pour 2025-09-13: Leil Selichot
[2025-05-10 23:00:45,207] INFO - 🕯 Allumage ajouté pour 2025-09-13: 20:33
[2025-05-10 23:00:45,208] INFO - 🕯 Allumage ajouté pour 2025-09-22: Erev Rosh Hashana
[2025-05-10 23:00:45,208] INFO - 🕯 Allumage ajouté pour 2025-09-22: 19:08
[2025-05-10 23:00:45,209] INFO - 🕯 Allumage ajouté pour 2025-09-23: Rosh Hashana 5786
[2025-05-10 23:00:45,209] INFO - 🕯 Allumage ajouté pour 2025-09-23: 20:11
[2025-05-10 23:00:45,209] INFO - 🕯 Allumage ajouté pour 2025-09-24: Rosh Hashana II
[2025-05-10 23:00:45,210] INFO - 🕯 Allumage ajouté pour 2025-09-24: 20:09
[2025-05-10 23:00:45,211] INFO - 🕘 Début du jeûne ajouté pour 2025-09-25: 05:46
[2025-05-10 23:00:45,215] INFO - 🕯 Allumage ajouté pour 2025-09-25: Tzom Gedaliah
[2025-05-10 23:00:45,216] INFO - 🕯 Allumage ajouté pour 2025-09-25: 19:58
[2025-05-10 23:00:45,217] INFO - 🕯 Allumage ajouté pour 2025-10-01: Erev Yom Kippur
[2025-05-10 23:00:45,218] INFO - 🕯 Allumage ajouté pour 2025-10-01: 18:49
[2025-05-10 23:00:45,219] INFO - 🕯 Allumage ajouté pour 2025-10-02: Yom Kippur
[2025-05-10 23:00:45,219] INFO - 🕯 Allumage ajouté pour 2025-10-02: 19:52
[2025-05-10 23:00:45,220] INFO - 🕯 Allumage ajouté pour 2025-10-06: Erev Sukkot
[2025-05-10 23:00:45,221] INFO - 🕯 Allumage ajouté pour 2025-10-06: 18:39
[2025-05-10 23:00:45,221] INFO - 🕯 Allumage ajouté pour 2025-10-07: Sukkot I
[2025-05-10 23:00:45,222] INFO - 🕯 Allumage ajouté pour 2025-10-07: 19:42
[2025-05-10 23:00:45,222] INFO - 🕯 Allumage ajouté pour 2025-10-08: Sukkot II
[2025-05-10 23:00:45,223] INFO - 🕯 Allumage ajouté pour 2025-10-08: 19:40
[2025-05-10 23:00:45,223] INFO - 🕯 Allumage ajouté pour 2025-10-09: Sukkot III (CH’’M)
[2025-05-10 23:00:45,224] INFO - 🕯 Allumage ajouté pour 2025-10-10: Sukkot IV (CH’’M)
[2025-05-10 23:00:45,224] INFO - 🕯 Allumage ajouté pour 2025-10-10: 18:31
[2025-05-10 23:00:45,225] INFO - 🕯 Allumage ajouté pour 2025-10-11: Sukkot V (CH’’M)
[2025-05-10 23:00:45,225] INFO - 🕯 Allumage ajouté pour 2025-10-11: 19:34
[2025-05-10 23:00:45,226] INFO - 🕯 Allumage ajouté pour 2025-10-12: Sukkot VI (CH’’M)
[2025-05-10 23:00:45,227] INFO - 🕯 Allumage ajouté pour 2025-10-13: Sukkot VII (Hoshana Raba)
[2025-05-10 23:00:45,228] INFO - 🕯 Allumage ajouté pour 2025-10-13: 18:25
[2025-05-10 23:00:45,233] INFO - 🕯 Allumage ajouté pour 2025-10-14: Shmini Atzeret
[2025-05-10 23:00:45,234] INFO - 🕯 Allumage ajouté pour 2025-10-14: 19:28
[2025-05-10 23:00:45,235] INFO - 🕯 Allumage ajouté pour 2025-10-15: Simchat Torah
[2025-05-10 23:00:45,235] INFO - 🕯 Allumage ajouté pour 2025-10-15: 19:26
[2025-05-10 23:00:45,236] INFO - 🕯 Allumage ajouté pour 2025-12-14: 1 Candle
[2025-05-10 23:00:45,237] INFO - 🕯 Allumage ajouté pour 2025-12-15: 2 Candles
[2025-05-10 23:00:45,237] INFO - 🕯 Allumage ajouté pour 2025-12-16: 3 Candles
[2025-05-10 23:00:45,238] INFO - 🕯 Allumage ajouté pour 2025-12-17: 4 Candles
[2025-05-10 23:00:45,239] INFO - 🕯 Allumage ajouté pour 2025-12-18: 5 Candles
[2025-05-10 23:00:45,240] INFO - 🕯 Allumage ajouté pour 2025-12-19: 6 Candles
[2025-05-10 23:00:45,240] INFO - 🕯 Allumage ajouté pour 2025-12-19: 16:16
[2025-05-10 23:00:45,240] INFO - 🕯 Allumage ajouté pour 2025-12-20: Chag HaBanot
[2025-05-10 23:00:45,241] INFO - 🕯 Allumage ajouté pour 2025-12-20: 7 Candles
[2025-05-10 23:00:45,241] INFO - 🕯 Allumage ajouté pour 2025-12-20: 17:29
[2025-05-10 23:00:45,242] INFO - 🕯 Allumage ajouté pour 2025-12-21: 8 Candles
[2025-05-10 23:00:45,243] INFO - 🕯 Allumage ajouté pour 2025-12-22: 8th Day
[2025-05-10 23:00:45,243] INFO - 🕘 Début du jeûne ajouté pour 2025-12-30: 06:38
[2025-05-10 23:00:45,244] INFO - 🕯 Allumage ajouté pour 2025-12-30: Asara B’Tevet
[2025-05-10 23:00:45,250] INFO - 🕯 Allumage ajouté pour 2025-12-30: 17:26
[2025-05-10 23:00:45,251] INFO - 🕯 Allumage ajouté pour 2026-02-02: Tu BiShvat
[2025-05-10 23:00:45,252] INFO - 🕘 Début du jeûne ajouté pour 2026-03-02: 05:36
[2025-05-10 23:00:45,252] INFO - 🕯 Allumage ajouté pour 2026-03-02: Ta’anit Esther
[2025-05-10 23:00:45,253] INFO - 🕯 Allumage ajouté pour 2026-03-02: 18:52
[2025-05-10 23:00:45,253] INFO - 🕯 Allumage ajouté pour 2026-03-02: Erev Purim
[2025-05-10 23:00:45,254] INFO - 🕯 Allumage ajouté pour 2026-03-03: Purim
[2025-05-10 23:00:45,255] INFO - 🕯 Allumage ajouté pour 2026-03-04: Shushan Purim
[2025-05-10 23:00:45,256] INFO - 🕘 Début du jeûne ajouté pour 2026-04-01: 05:30
[2025-05-10 23:00:45,256] INFO - 🕯 Allumage ajouté pour 2026-04-01: Ta’anit Bechorot
[2025-05-10 23:00:45,258] INFO - 🕯 Allumage ajouté pour 2026-04-01: Erev Pesach
[2025-05-10 23:00:45,258] INFO - 🕯 Allumage ajouté pour 2026-04-01: 19:41
[2025-05-10 23:00:45,259] INFO - 🕯 Allumage ajouté pour 2026-04-02: Pesach I
[2025-05-10 23:00:45,259] INFO - 🕯 Allumage ajouté pour 2026-04-02: 20:49
[2025-05-10 23:00:45,260] INFO - 🕯 Allumage ajouté pour 2026-04-03: Pesach II
[2025-05-10 23:00:45,260] INFO - 🕯 Allumage ajouté pour 2026-04-03: 19:44
[2025-05-10 23:00:45,261] INFO - 🕯 Allumage ajouté pour 2026-04-04: Pesach III (CH’’M)
[2025-05-10 23:00:45,266] INFO - 🕯 Allumage ajouté pour 2026-04-04: 20:52
[2025-05-10 23:00:45,267] INFO - 🕯 Allumage ajouté pour 2026-04-05: Pesach IV (CH’’M)
[2025-05-10 23:00:45,268] INFO - 🕯 Allumage ajouté pour 2026-04-06: Pesach V (CH’’M)
[2025-05-10 23:00:45,269] INFO - 🕯 Allumage ajouté pour 2026-04-07: Pesach VI (CH’’M)
[2025-05-10 23:00:45,269] INFO - 🕯 Allumage ajouté pour 2026-04-07: 19:50
[2025-05-10 23:00:45,270] INFO - 🕯 Allumage ajouté pour 2026-04-08: Pesach VII
[2025-05-10 23:00:45,270] INFO - 🕯 Allumage ajouté pour 2026-04-08: 20:58
[2025-05-10 23:00:45,271] INFO - 🕯 Allumage ajouté pour 2026-04-09: Pesach VIII
[2025-05-10 23:00:45,272] INFO - 🕯 Allumage ajouté pour 2026-04-09: 21:00
[2025-05-10 23:00:45,272] INFO - 🕯 Allumage ajouté pour 2026-05-01: Pesach Sheni
[2025-05-10 23:00:45,273] INFO - 🕯 Allumage ajouté pour 2026-05-01: 20:25
[2025-05-10 23:00:45,273] INFO - 🕯 Allumage ajouté pour 2026-05-05: Lag BaOmer
[2025-05-10 23:00:45,274] INFO - 🕯 Allumage ajouté pour 2026-05-21: Erev Shavuot
[2025-05-10 23:00:45,275] INFO - 🕯 Allumage ajouté pour 2026-05-21: 20:52
[2025-05-10 23:00:45,275] INFO - 🕯 Allumage ajouté pour 2026-05-22: Shavuot I
[2025-05-10 23:00:45,276] INFO - 🕯 Allumage ajouté pour 2026-05-22: 20:54
[2025-05-10 23:00:45,277] INFO - 🕯 Allumage ajouté pour 2026-05-23: Shavuot II
[2025-05-10 23:00:45,277] INFO - 🕯 Allumage ajouté pour 2026-05-23: 22:13
[2025-05-10 23:00:45,278] INFO - 🕘 Début du jeûne ajouté pour 2026-07-02: 02:54
[2025-05-10 23:00:45,284] INFO - 🕯 Allumage ajouté pour 2026-07-02: Tzom Tammuz
[2025-05-10 23:00:45,284] INFO - 🕯 Allumage ajouté pour 2026-07-02: 22:26
[2025-05-10 23:00:45,285] INFO - 🕘 Début du jeûne ajouté pour 2026-07-22: 21:20
[2025-05-10 23:00:45,286] INFO - 🕯 Allumage ajouté pour 2026-07-22: Erev Tish’a B’Av
[2025-05-10 23:00:45,287] INFO - 🕯 Allumage ajouté pour 2026-07-23: Tish’a B’Av
[2025-05-10 23:00:45,287] INFO - 🕯 Allumage ajouté pour 2026-07-23: 22:06
[2025-05-10 23:00:45,288] INFO - 🕯 Allumage ajouté pour 2026-07-29: Tu B’Av
[2025-05-10 23:00:45,288] INFO - 🕯 Allumage ajouté pour 2026-08-14: Rosh Hashana LaBehemot
[2025-05-10 23:00:45,290] INFO - 🕯 Allumage ajouté pour 2026-08-14: 20:27
[2025-05-10 23:00:45,290] INFO - 🕯 Allumage ajouté pour 2026-09-05: Leil Selichot
[2025-05-10 23:00:45,291] INFO - 🕯 Allumage ajouté pour 2026-09-05: 20:51
[2025-05-10 23:00:45,291] INFO - 🕯 Allumage ajouté pour 2026-09-11: Erev Rosh Hashana
[2025-05-10 23:00:45,292] INFO - 🕯 Allumage ajouté pour 2026-09-11: 19:32
[2025-05-10 23:00:45,293] INFO - 🕯 Allumage ajouté pour 2026-09-12: Rosh Hashana 5787
[2025-05-10 23:00:45,293] INFO - 🕯 Allumage ajouté pour 2026-09-12: 20:36
[2025-05-10 23:00:45,294] INFO - 🕯 Allumage ajouté pour 2026-09-13: Rosh Hashana II
[2025-05-10 23:00:45,294] INFO - 🕯 Allumage ajouté pour 2026-09-13: 20:33
[2025-05-10 23:00:45,298] INFO - 🕘 Début du jeûne ajouté pour 2026-09-14: 05:28
[2025-05-10 23:00:45,300] INFO - 🕯 Allumage ajouté pour 2026-09-14: Tzom Gedaliah
[2025-05-10 23:00:45,300] INFO - 🕯 Allumage ajouté pour 2026-09-14: 20:22
[2025-05-10 23:00:45,302] INFO - 🕯 Allumage ajouté pour 2026-09-20: Erev Yom Kippur
[2025-05-10 23:00:45,302] INFO - 🕯 Allumage ajouté pour 2026-09-20: 19:13
[2025-05-10 23:00:45,303] INFO - 🕯 Allumage ajouté pour 2026-09-21: Yom Kippur
[2025-05-10 23:00:45,303] INFO - 🕯 Allumage ajouté pour 2026-09-21: 20:16
[2025-05-10 23:00:45,304] INFO - 🕯 Allumage ajouté pour 2026-09-25: Erev Sukkot
[2025-05-10 23:00:45,305] INFO - 🕯 Allumage ajouté pour 2026-09-25: 19:02
[2025-05-10 23:00:45,305] INFO - 🕯 Allumage ajouté pour 2026-09-26: Sukkot I
[2025-05-10 23:00:45,306] INFO - 🕯 Allumage ajouté pour 2026-09-26: 20:05
[2025-05-10 23:00:45,307] INFO - 🕯 Allumage ajouté pour 2026-09-27: Sukkot II
[2025-05-10 23:00:45,307] INFO - 🕯 Allumage ajouté pour 2026-09-27: 20:03
[2025-05-10 23:00:45,308] INFO - 📦 Total des fêtes renvoyées : 67
[2025-05-10 23:00:45,309] INFO - 127.0.0.1 - - [10/May/2025 23:00:45] "GET /fetes?ville=strasbourg&start=2025-08-01&end=2026-09-27 HTTP/1.1" 200 -
[2025-05-10 23:02:03,105] INFO - ▶ Requête reçue sur /fetes
[2025-05-10 23:02:03,106] INFO - 📅 Période demandée : 2025-08-01 ➡ 2026-09-27 | geonameid=281184
[2025-05-10 23:02:03,106] INFO - 🌐 Requête vers Hebcal API...
[2025-05-10 23:02:03,589] INFO - ✅ 218 événements récupérés depuis Hebcal
[2025-05-10 23:02:03,590] INFO - 🎉 Fête trouvée : Erev Tish’a B’Av (2025-08-02)
[2025-05-10 23:02:03,590] INFO - 🎉 Fête trouvée : Tish’a B’Av (2025-08-03)
[2025-05-10 23:02:03,591] INFO - 🎉 Fête trouvée : Tu B’Av (2025-08-09)
[2025-05-10 23:02:03,592] INFO - 🎉 Fête trouvée : Rosh Hashana LaBehemot (2025-08-25)
[2025-05-10 23:02:03,593] INFO - 🎉 Fête trouvée : Leil Selichot (2025-09-13)
[2025-05-10 23:02:03,593] INFO - 🎉 Fête trouvée : Erev Rosh Hashana (2025-09-22)
[2025-05-10 23:02:03,594] INFO - 🎉 Fête trouvée : Rosh Hashana 5786 (2025-09-23)
[2025-05-10 23:02:03,598] INFO - 🎉 Fête trouvée : Rosh Hashana II (2025-09-24)
[2025-05-10 23:02:03,599] INFO - 🎉 Fête trouvée : Tzom Gedaliah (2025-09-25)
[2025-05-10 23:02:03,602] INFO - 🎉 Fête trouvée : Erev Yom Kippur (2025-10-01)
[2025-05-10 23:02:03,603] INFO - 🎉 Fête trouvée : Yom Kippur (2025-10-02)
[2025-05-10 23:02:03,603] INFO - 🎉 Fête trouvée : Erev Sukkot (2025-10-06)
[2025-05-10 23:02:03,605] INFO - 🎉 Fête trouvée : Sukkot I (2025-10-07)
[2025-05-10 23:02:03,605] INFO - 🎉 Fête trouvée : Sukkot II (CH’’M) (2025-10-08)
[2025-05-10 23:02:03,606] INFO - 🎉 Fête trouvée : Sukkot III (CH’’M) (2025-10-09)
[2025-05-10 23:02:03,607] INFO - 🎉 Fête trouvée : Sukkot IV (CH’’M) (2025-10-10)
[2025-05-10 23:02:03,607] INFO - 🎉 Fête trouvée : Sukkot V (CH’’M) (2025-10-11)
[2025-05-10 23:02:03,608] INFO - 🎉 Fête trouvée : Sukkot VI (CH’’M) (2025-10-12)
[2025-05-10 23:02:03,608] INFO - 🎉 Fête trouvée : Sukkot VII (Hoshana Raba) (2025-10-13)
[2025-05-10 23:02:03,609] INFO - 🎉 Fête trouvée : Shmini Atzeret (2025-10-14)
[2025-05-10 23:02:03,609] INFO - 🎉 Fête trouvée : Chanukah: 1 Candle (2025-12-14)
[2025-05-10 23:02:03,610] INFO - 🎉 Fête trouvée : Chanukah: 2 Candles (2025-12-15)
[2025-05-10 23:02:03,616] INFO - 🎉 Fête trouvée : Chanukah: 3 Candles (2025-12-16)
[2025-05-10 23:02:03,617] INFO - 🎉 Fête trouvée : Chanukah: 4 Candles (2025-12-17)
[2025-05-10 23:02:03,618] INFO - 🎉 Fête trouvée : Chanukah: 5 Candles (2025-12-18)
[2025-05-10 23:02:03,619] INFO - 🎉 Fête trouvée : Chanukah: 6 Candles (2025-12-19)
[2025-05-10 23:02:03,619] INFO - 🎉 Fête trouvée : Chag HaBanot (2025-12-20)
[2025-05-10 23:02:03,620] INFO - 🎉 Fête trouvée : Chanukah: 7 Candles (2025-12-20)
[2025-05-10 23:02:03,621] INFO - 🎉 Fête trouvée : Chanukah: 8 Candles (2025-12-21)
[2025-05-10 23:02:03,623] INFO - 🎉 Fête trouvée : Chanukah: 8th Day (2025-12-22)
[2025-05-10 23:02:03,623] INFO - 🎉 Fête trouvée : Asara B’Tevet (2025-12-30)
[2025-05-10 23:02:03,624] INFO - 🎉 Fête trouvée : Tu BiShvat (2026-02-02)
[2025-05-10 23:02:03,624] INFO - 🎉 Fête trouvée : Ta’anit Esther (2026-03-02)
[2025-05-10 23:02:03,625] INFO - 🎉 Fête trouvée : Erev Purim (2026-03-02)
[2025-05-10 23:02:03,626] INFO - 🎉 Fête trouvée : Purim (2026-03-03)
[2025-05-10 23:02:03,626] INFO - 🎉 Fête trouvée : Shushan Purim (2026-03-04)
[2025-05-10 23:02:03,627] INFO - 🎉 Fête trouvée : Ta’anit Bechorot (2026-04-01)
[2025-05-10 23:02:03,633] INFO - 🎉 Fête trouvée : Erev Pesach (2026-04-01)
[2025-05-10 23:02:03,634] INFO - 🎉 Fête trouvée : Pesach I (2026-04-02)
[2025-05-10 23:02:03,635] INFO - 🎉 Fête trouvée : Pesach II (CH’’M) (2026-04-03)
[2025-05-10 23:02:03,636] INFO - 🎉 Fête trouvée : Pesach III (CH’’M) (2026-04-04)
[2025-05-10 23:02:03,637] INFO - 🎉 Fête trouvée : Pesach IV (CH’’M) (2026-04-05)
[2025-05-10 23:02:03,638] INFO - 🎉 Fête trouvée : Pesach V (CH’’M) (2026-04-06)
[2025-05-10 23:02:03,638] INFO - 🎉 Fête trouvée : Pesach VI (CH’’M) (2026-04-07)
[2025-05-10 23:02:03,639] INFO - 🎉 Fête trouvée : Pesach VII (2026-04-08)
[2025-05-10 23:02:03,640] INFO - 🎉 Fête trouvée : Pesach Sheni (2026-05-01)
[2025-05-10 23:02:03,640] INFO - 🎉 Fête trouvée : Lag BaOmer (2026-05-05)
[2025-05-10 23:02:03,641] INFO - 🎉 Fête trouvée : Erev Shavuot (2026-05-21)
[2025-05-10 23:02:03,641] INFO - 🎉 Fête trouvée : Shavuot (2026-05-22)
[2025-05-10 23:02:03,642] INFO - 🎉 Fête trouvée : Tzom Tammuz (2026-07-02)
[2025-05-10 23:02:03,642] INFO - 🎉 Fête trouvée : Erev Tish’a B’Av (2026-07-22)
[2025-05-10 23:02:03,643] INFO - 🎉 Fête trouvée : Tish’a B’Av (2026-07-23)
[2025-05-10 23:02:03,643] INFO - 🎉 Fête trouvée : Tu B’Av (2026-07-29)
[2025-05-10 23:02:03,645] INFO - 🎉 Fête trouvée : Rosh Hashana LaBehemot (2026-08-14)
[2025-05-10 23:02:03,650] INFO - 🎉 Fête trouvée : Leil Selichot (2026-09-05)
[2025-05-10 23:02:03,651] INFO - 🎉 Fête trouvée : Erev Rosh Hashana (2026-09-11)
[2025-05-10 23:02:03,653] INFO - 🎉 Fête trouvée : Rosh Hashana 5787 (2026-09-12)
[2025-05-10 23:02:03,653] INFO - 🎉 Fête trouvée : Rosh Hashana II (2026-09-13)
[2025-05-10 23:02:03,654] INFO - 🎉 Fête trouvée : Tzom Gedaliah (2026-09-14)
[2025-05-10 23:02:03,654] INFO - 🎉 Fête trouvée : Erev Yom Kippur (2026-09-20)
[2025-05-10 23:02:03,655] INFO - 🎉 Fête trouvée : Yom Kippur (2026-09-21)
[2025-05-10 23:02:03,656] INFO - 🎉 Fête trouvée : Erev Sukkot (2026-09-25)
[2025-05-10 23:02:03,656] INFO - 🎉 Fête trouvée : Sukkot I (2026-09-26)
[2025-05-10 23:02:03,657] INFO - 🎉 Fête trouvée : Sukkot II (CH’’M) (2026-09-27)
[2025-05-10 23:02:03,657] INFO - 🕘 Début du jeûne ajouté pour 2025-08-02: 19:35
[2025-05-10 23:02:03,658] INFO - 🕯 Allumage ajouté pour 2025-08-02: Erev Tish’a B’Av
[2025-05-10 23:02:03,658] INFO - 🕯 Allumage ajouté pour 2025-08-02: 20:14
[2025-05-10 23:02:03,659] INFO - 🕯 Allumage ajouté pour 2025-08-03: Tish’a B’Av
[2025-05-10 23:02:03,659] INFO - 🕯 Allumage ajouté pour 2025-08-03: 20:06
[2025-05-10 23:02:03,660] INFO - 🕯 Allumage ajouté pour 2025-08-09: Tu B’Av
[2025-05-10 23:02:03,660] INFO - 🕯 Allumage ajouté pour 2025-08-09: 20:07
[2025-05-10 23:02:03,664] INFO - 🕯 Allumage ajouté pour 2025-08-25: Rosh Hashana LaBehemot
[2025-05-10 23:02:03,666] INFO - 🕯 Allumage ajouté pour 2025-09-13: Leil Selichot
[2025-05-10 23:02:03,668] INFO - 🕯 Allumage ajouté pour 2025-09-13: 19:24
[2025-05-10 23:02:03,669] INFO - 🕯 Allumage ajouté pour 2025-09-22: Erev Rosh Hashana
[2025-05-10 23:02:03,670] INFO - 🕯 Allumage ajouté pour 2025-09-22: 17:55
[2025-05-10 23:02:03,670] INFO - 🕯 Allumage ajouté pour 2025-09-23: Rosh Hashana 5786
[2025-05-10 23:02:03,671] INFO - 🕯 Allumage ajouté pour 2025-09-23: 19:11
[2025-05-10 23:02:03,671] INFO - 🕯 Allumage ajouté pour 2025-09-24: Rosh Hashana II
[2025-05-10 23:02:03,672] INFO - 🕯 Allumage ajouté pour 2025-09-24: 19:09
[2025-05-10 23:02:03,672] INFO - 🕘 Début du jeûne ajouté pour 2025-09-25: 05:17
[2025-05-10 23:02:03,673] INFO - 🕯 Allumage ajouté pour 2025-09-25: Tzom Gedaliah
[2025-05-10 23:02:03,674] INFO - 🕯 Allumage ajouté pour 2025-09-25: 19:01
[2025-05-10 23:02:03,675] INFO - 🕯 Allumage ajouté pour 2025-10-01: Erev Yom Kippur
[2025-05-10 23:02:03,676] INFO - 🕯 Allumage ajouté pour 2025-10-01: 17:44
[2025-05-10 23:02:03,676] INFO - 🕯 Allumage ajouté pour 2025-10-02: Yom Kippur
[2025-05-10 23:02:03,677] INFO - 🕯 Allumage ajouté pour 2025-10-02: 18:59
[2025-05-10 23:02:03,678] INFO - 🕯 Allumage ajouté pour 2025-10-06: Erev Sukkot
[2025-05-10 23:02:03,682] INFO - 🕯 Allumage ajouté pour 2025-10-06: 17:37
[2025-05-10 23:02:03,683] INFO - 🕯 Allumage ajouté pour 2025-10-07: Sukkot I
[2025-05-10 23:02:03,684] INFO - 🕯 Allumage ajouté pour 2025-10-07: 18:53
[2025-05-10 23:02:03,684] INFO - 🕯 Allumage ajouté pour 2025-10-08: Sukkot II (CH’’M)
[2025-05-10 23:02:03,686] INFO - 🕯 Allumage ajouté pour 2025-10-09: Sukkot III (CH’’M)
[2025-05-10 23:02:03,686] INFO - 🕯 Allumage ajouté pour 2025-10-10: Sukkot IV (CH’’M)
[2025-05-10 23:02:03,687] INFO - 🕯 Allumage ajouté pour 2025-10-10: 17:32
[2025-05-10 23:02:03,687] INFO - 🕯 Allumage ajouté pour 2025-10-11: Sukkot V (CH’’M)
[2025-05-10 23:02:03,688] INFO - 🕯 Allumage ajouté pour 2025-10-11: 18:48
[2025-05-10 23:02:03,689] INFO - 🕯 Allumage ajouté pour 2025-10-12: Sukkot VI (CH’’M)
[2025-05-10 23:02:03,689] INFO - 🕯 Allumage ajouté pour 2025-10-13: Sukkot VII (Hoshana Raba)
[2025-05-10 23:02:03,691] INFO - 🕯 Allumage ajouté pour 2025-10-13: 17:29
[2025-05-10 23:02:03,692] INFO - 🕯 Allumage ajouté pour 2025-10-14: Shmini Atzeret
[2025-05-10 23:02:03,692] INFO - 🕯 Allumage ajouté pour 2025-10-14: 18:44
[2025-05-10 23:02:03,694] INFO - 🕯 Allumage ajouté pour 2025-12-14: 1 Candle
[2025-05-10 23:02:03,700] INFO - 🕯 Allumage ajouté pour 2025-12-15: 2 Candles
[2025-05-10 23:02:03,700] INFO - 🕯 Allumage ajouté pour 2025-12-16: 3 Candles
[2025-05-10 23:02:03,702] INFO - 🕯 Allumage ajouté pour 2025-12-17: 4 Candles
[2025-05-10 23:02:03,703] INFO - 🕯 Allumage ajouté pour 2025-12-18: 5 Candles
[2025-05-10 23:02:03,703] INFO - 🕯 Allumage ajouté pour 2025-12-19: 6 Candles
[2025-05-10 23:02:03,704] INFO - 🕯 Allumage ajouté pour 2025-12-19: 15:58
[2025-05-10 23:02:03,706] INFO - 🕯 Allumage ajouté pour 2025-12-20: Chag HaBanot
[2025-05-10 23:02:03,706] INFO - 🕯 Allumage ajouté pour 2025-12-20: 7 Candles
[2025-05-10 23:02:03,707] INFO - 🕯 Allumage ajouté pour 2025-12-20: 17:19
[2025-05-10 23:02:03,708] INFO - 🕯 Allumage ajouté pour 2025-12-21: 8 Candles
[2025-05-10 23:02:03,708] INFO - 🕯 Allumage ajouté pour 2025-12-22: 8th Day
[2025-05-10 23:02:03,709] INFO - 🕘 Début du jeûne ajouté pour 2025-12-30: 05:21
[2025-05-10 23:02:03,709] INFO - 🕯 Allumage ajouté pour 2025-12-30: Asara B’Tevet
[2025-05-10 23:02:03,710] INFO - 🕯 Allumage ajouté pour 2025-12-30: 17:17
[2025-05-10 23:02:03,716] INFO - 🕯 Allumage ajouté pour 2026-02-02: Tu BiShvat
[2025-05-10 23:02:03,717] INFO - 🕘 Début du jeûne ajouté pour 2026-03-02: 04:53
[2025-05-10 23:02:03,719] INFO - 🕯 Allumage ajouté pour 2026-03-02: Ta’anit Esther
[2025-05-10 23:02:03,721] INFO - 🕯 Allumage ajouté pour 2026-03-02: 18:07
[2025-05-10 23:02:03,722] INFO - 🕯 Allumage ajouté pour 2026-03-02: Erev Purim
[2025-05-10 23:02:03,723] INFO - 🕯 Allumage ajouté pour 2026-03-03: Purim
[2025-05-10 23:02:03,723] INFO - 🕯 Allumage ajouté pour 2026-03-04: Shushan Purim
[2025-05-10 23:02:03,724] INFO - 🕘 Début du jeûne ajouté pour 2026-04-01: 05:15
[2025-05-10 23:02:03,724] INFO - 🕯 Allumage ajouté pour 2026-04-01: Ta’anit Bechorot
[2025-05-10 23:02:03,725] INFO - 🕯 Allumage ajouté pour 2026-04-01: Erev Pesach
[2025-05-10 23:02:03,726] INFO - 🕯 Allumage ajouté pour 2026-04-01: 18:18
[2025-05-10 23:02:03,726] INFO - 🕯 Allumage ajouté pour 2026-04-02: Pesach I
[2025-05-10 23:02:03,727] INFO - 🕯 Allumage ajouté pour 2026-04-02: 19:36
[2025-05-10 23:02:03,733] INFO - 🕯 Allumage ajouté pour 2026-04-03: Pesach II (CH’’M)
[2025-05-10 23:02:03,736] INFO - 🕯 Allumage ajouté pour 2026-04-03: 18:19
[2025-05-10 23:02:03,736] INFO - 🕯 Allumage ajouté pour 2026-04-04: Pesach III (CH’’M)
[2025-05-10 23:02:03,737] INFO - 🕯 Allumage ajouté pour 2026-04-04: 19:37
[2025-05-10 23:02:03,737] INFO - 🕯 Allumage ajouté pour 2026-04-05: Pesach IV (CH’’M)
[2025-05-10 23:02:03,738] INFO - 🕯 Allumage ajouté pour 2026-04-06: Pesach V (CH’’M)
[2025-05-10 23:02:03,739] INFO - 🕯 Allumage ajouté pour 2026-04-07: Pesach VI (CH’’M)
[2025-05-10 23:02:03,739] INFO - 🕯 Allumage ajouté pour 2026-04-07: 18:22
[2025-05-10 23:02:03,741] INFO - 🕯 Allumage ajouté pour 2026-04-08: Pesach VII
[2025-05-10 23:02:03,743] INFO - 🕯 Allumage ajouté pour 2026-04-08: 19:40
[2025-05-10 23:02:03,744] INFO - 🕯 Allumage ajouté pour 2026-05-01: Pesach Sheni
[2025-05-10 23:02:03,749] INFO - 🕯 Allumage ajouté pour 2026-05-01: 18:39
[2025-05-10 23:02:03,750] INFO - 🕯 Allumage ajouté pour 2026-05-05: Lag BaOmer
[2025-05-10 23:02:03,752] INFO - 🕯 Allumage ajouté pour 2026-05-21: Erev Shavuot
[2025-05-10 23:02:03,753] INFO - 🕯 Allumage ajouté pour 2026-05-21: 18:52
[2025-05-10 23:02:03,754] INFO - 🕯 Allumage ajouté pour 2026-05-22: Shavuot
[2025-05-10 23:02:03,754] INFO - 🕯 Allumage ajouté pour 2026-05-22: 18:53
[2025-05-10 23:02:03,755] INFO - 🕘 Début du jeûne ajouté pour 2026-07-02: 04:10
[2025-05-10 23:02:03,756] INFO - 🕯 Allumage ajouté pour 2026-07-02: Tzom Tammuz
[2025-05-10 23:02:03,756] INFO - 🕯 Allumage ajouté pour 2026-07-02: 20:23
[2025-05-10 23:02:03,757] INFO - 🕘 Début du jeûne ajouté pour 2026-07-22: 19:43
[2025-05-10 23:02:03,758] INFO - 🕯 Allumage ajouté pour 2026-07-22: Erev Tish’a B’Av
[2025-05-10 23:02:03,758] INFO - 🕯 Allumage ajouté pour 2026-07-23: Tish’a B’Av
[2025-05-10 23:02:03,759] INFO - 🕯 Allumage ajouté pour 2026-07-23: 20:15
[2025-05-10 23:02:03,760] INFO - 🕯 Allumage ajouté pour 2026-07-29: Tu B’Av
[2025-05-10 23:02:03,760] INFO - 🕯 Allumage ajouté pour 2026-08-14: Rosh Hashana LaBehemot
[2025-05-10 23:02:03,765] INFO - 🕯 Allumage ajouté pour 2026-08-14: 18:43
[2025-05-10 23:02:03,767] INFO - 🕯 Allumage ajouté pour 2026-09-05: Leil Selichot
[2025-05-10 23:02:03,768] INFO - 🕯 Allumage ajouté pour 2026-09-05: 19:35
[2025-05-10 23:02:03,769] INFO - 🕯 Allumage ajouté pour 2026-09-11: Erev Rosh Hashana
[2025-05-10 23:02:03,769] INFO - 🕯 Allumage ajouté pour 2026-09-11: 18:10
[2025-05-10 23:02:03,770] INFO - 🕯 Allumage ajouté pour 2026-09-12: Rosh Hashana 5787
[2025-05-10 23:02:03,771] INFO - 🕯 Allumage ajouté pour 2026-09-12: 19:26
[2025-05-10 23:02:03,772] INFO - 🕯 Allumage ajouté pour 2026-09-13: Rosh Hashana II
[2025-05-10 23:02:03,772] INFO - 🕯 Allumage ajouté pour 2026-09-13: 19:24
[2025-05-10 23:02:03,773] INFO - 🕘 Début du jeûne ajouté pour 2026-09-14: 05:09
[2025-05-10 23:02:03,774] INFO - 🕯 Allumage ajouté pour 2026-09-14: Tzom Gedaliah
[2025-05-10 23:02:03,774] INFO - 🕯 Allumage ajouté pour 2026-09-14: 19:16
[2025-05-10 23:02:03,775] INFO - 🕯 Allumage ajouté pour 2026-09-20: Erev Yom Kippur
[2025-05-10 23:02:03,775] INFO - 🕯 Allumage ajouté pour 2026-09-20: 17:58
[2025-05-10 23:02:03,776] INFO - 🕯 Allumage ajouté pour 2026-09-21: Yom Kippur
[2025-05-10 23:02:03,777] INFO - 🕯 Allumage ajouté pour 2026-09-21: 19:14
[2025-05-10 23:02:03,779] INFO - 🕯 Allumage ajouté pour 2026-09-25: Erev Sukkot
[2025-05-10 23:02:03,783] INFO - 🕯 Allumage ajouté pour 2026-09-25: 17:52
[2025-05-10 23:02:03,784] INFO - 🕯 Allumage ajouté pour 2026-09-26: Sukkot I
[2025-05-10 23:02:03,785] INFO - 🕯 Allumage ajouté pour 2026-09-26: 19:07
[2025-05-10 23:02:03,785] INFO - 🕯 Allumage ajouté pour 2026-09-27: Sukkot II (CH’’M)
[2025-05-10 23:02:03,786] INFO - 📦 Total des fêtes renvoyées : 64
[2025-05-10 23:02:03,787] INFO - 127.0.0.1 - - [10/May/2025 23:02:03] "GET /fetes?ville=jerusalem&start=2025-08-01&end=2026-09-27 HTTP/1.1" 200 -
[2025-07-25 12:39:55,734] INFO - Flask va démarrer sur le port 3000
[2025-07-25 12:39:56,071] INFO - [31m[1mWARNING: This is a development server. Do not use it in a production deployment. Use a production WSGI server instead.[0m
 * Running on http://127.0.0.1:3000
[2025-07-25 12:39:56,071] INFO - [33mPress CTRL+C to quit[0m
[2025-07-25 12:39:56,099] INFO -  * Restarting with stat
[2025-07-25 12:39:59,125] INFO - Flask va démarrer sur le port 3000
[2025-07-25 12:39:59,158] WARNING -  * Debugger is active!
[2025-07-25 12:39:59,178] INFO -  * Debugger PIN: 363-886-414
[2025-07-25 12:43:53,648] INFO -  * Detected change in 'D:\\Dropbox\\GitHub\\Agenda_Elodie\\app.py', reloading
[2025-07-25 12:45:32,182] INFO - Flask va démarrer sur le port 3000
[2025-07-25 12:45:32,242] INFO - [31m[1mWARNING: This is a development server. Do not use it in a production deployment. Use a production WSGI server instead.[0m
 * Running on http://127.0.0.1:3000
[2025-07-25 12:45:32,243] INFO - [33mPress CTRL+C to quit[0m
[2025-07-25 12:45:32,244] INFO -  * Restarting with stat
[2025-07-25 12:45:32,443] INFO -  * Restarting with stat
[2025-07-25 12:45:33,312] INFO - Flask va démarrer sur le port 3000
[2025-07-25 12:45:33,363] WARNING -  * Debugger is active!
[2025-07-25 12:45:33,383] INFO -  * Debugger PIN: 526-852-256
[2025-07-25 12:45:34,825] INFO - Flask va démarrer sur le port 3000
[2025-07-25 12:45:34,851] WARNING -  * Debugger is active!
[2025-07-25 12:45:35,110] INFO -  * Debugger PIN: 363-886-414
[2025-07-25 12:45:54,172] INFO - Flask va démarrer sur le port 3000
[2025-07-25 12:45:54,210] INFO - [31m[1mWARNING: This is a development server. Do not use it in a production deployment. Use a production WSGI server instead.[0m
 * Running on http://127.0.0.1:3000
[2025-07-25 12:45:54,210] INFO - [33mPress CTRL+C to quit[0m
[2025-07-25 12:45:54,210] INFO -  * Restarting with stat
[2025-07-25 12:45:56,327] INFO - Flask va démarrer sur le port 3000
[2025-07-25 12:45:56,355] WARNING -  * Debugger is active!
[2025-07-25 12:45:56,374] INFO -  * Debugger PIN: 363-886-414
[2025-07-25 12:47:59,874] INFO -  * Detected change in 'D:\\Dropbox\\GitHub\\Agenda_Elodie\\app.py', reloading
[2025-07-25 12:48:16,156] INFO -  * Restarting with stat
[2025-07-25 12:48:18,606] INFO - Flask va démarrer sur le port 3000
[2025-07-25 12:48:18,630] WARNING -  * Debugger is active!
[2025-07-25 12:48:18,651] INFO -  * Debugger PIN: 363-886-414
[2025-07-25 12:48:31,011] INFO -  * Detected change in 'D:\\Dropbox\\GitHub\\Agenda_Elodie\\app.py', reloading
[2025-07-25 12:48:38,255] INFO -  * Restarting with stat
[2025-07-25 12:48:40,188] INFO - Flask va démarrer sur le port 3000
[2025-07-25 12:48:40,219] WARNING -  * Debugger is active!
[2025-07-25 12:48:40,235] INFO -  * Debugger PIN: 363-886-414
[2025-07-25 12:50:07,430] INFO - 127.0.0.1 - - [25/Jul/2025 12:50:07] "[33mGET /shabbat-excel?start=2025-08-31&end=2026-07-04&ville=geneve HTTP/1.1[0m" 404 -
[2025-07-25 12:50:50,503] INFO - Requête reçue sur /shabbat
[2025-07-25 12:50:50,504] WARNING - Ville inconnue : geneve
[2025-07-25 12:50:50,505] INFO - 127.0.0.1 - - [25/Jul/2025 12:50:50] "[31m[1mGET /shabbat?start=2025-08-31&end=2026-07-04&ville=geneve HTTP/1.1[0m" 400 -
[2025-07-25 12:50:57,974] INFO - Requête reçue sur /shabbat
[2025-07-25 12:50:57,976] INFO - get_shabbat_times appelé avec start=2025-08-31, end=2026-07-04, geonameid=2660646
[2025-07-25 12:50:58,012] INFO - 44 vendredis trouvés entre 2025-08-31 et 2026-07-04
[2025-07-25 12:50:58,013] INFO - Traitement du Chabbat de 2025-09-05
[2025-07-25 12:50:58,583] INFO - Ajouté : OrderedDict({'date': '2025-09-05', 'parasha': 'Ki-Tetsé', 'allumage': '19:48', 'havdalah': '20:50'})
[2025-07-25 12:50:58,583] INFO - Traitement du Chabbat de 2025-09-12
[2025-07-25 12:50:59,022] INFO - Ajouté : OrderedDict({'date': '2025-09-12', 'parasha': 'Ki-Tavo', 'allumage': '19:34', 'havdalah': '20:36'})
[2025-07-25 12:50:59,023] INFO - Traitement du Chabbat de 2025-09-19
[2025-07-25 12:50:59,466] INFO - Ajouté : OrderedDict({'date': '2025-09-19', 'parasha': 'Nitsavim', 'allumage': '19:20', 'havdalah': '20:21'})
[2025-07-25 12:50:59,466] INFO - Traitement du Chabbat de 2025-09-26
[2025-07-25 12:50:59,907] INFO - Ajouté : OrderedDict({'date': '2025-09-26', 'parasha': 'Vayélèkh', 'allumage': '19:06', 'havdalah': '20:07'})
[2025-07-25 12:50:59,908] INFO - Traitement du Chabbat de 2025-10-03
[2025-07-25 12:51:00,356] INFO - Ajouté : OrderedDict({'date': '2025-10-03', 'parasha': 'Haazinou', 'allumage': '18:53', 'havdalah': '19:54'})
[2025-07-25 12:51:00,356] INFO - Traitement du Chabbat de 2025-10-10
[2025-07-25 12:51:00,806] INFO - Ajouté : OrderedDict({'date': '2025-10-10', 'parasha': 'Hol Hamoed Souccot', 'allumage': '18:40', 'havdalah': '19:41'})
[2025-07-25 12:51:00,806] INFO - Traitement du Chabbat de 2025-10-17
[2025-07-25 12:51:01,264] INFO - Ajouté : OrderedDict({'date': '2025-10-17', 'parasha': 'Berechit', 'allumage': '18:27', 'havdalah': '19:28'})
[2025-07-25 12:51:01,264] INFO - Traitement du Chabbat de 2025-10-24
[2025-07-25 12:51:01,709] INFO - Ajouté : OrderedDict({'date': '2025-10-24', 'parasha': "Noa'h", 'allumage': '18:15', 'havdalah': '19:17'})
[2025-07-25 12:51:01,710] INFO - Traitement du Chabbat de 2025-10-31
[2025-07-25 12:51:02,143] INFO - Ajouté : OrderedDict({'date': '2025-10-31', 'parasha': 'Lekh Lékha', 'allumage': '17:04', 'havdalah': '18:07'})
[2025-07-25 12:51:02,144] INFO - Traitement du Chabbat de 2025-11-07
[2025-07-25 12:51:02,585] INFO - Ajouté : OrderedDict({'date': '2025-11-07', 'parasha': 'Vayéra', 'allumage': '16:54', 'havdalah': '17:58'})
[2025-07-25 12:51:02,586] INFO - Traitement du Chabbat de 2025-11-14
[2025-07-25 12:51:03,017] INFO - Ajouté : OrderedDict({'date': '2025-11-14', 'parasha': 'Hayé Sarah', 'allumage': '16:46', 'havdalah': '17:51'})
[2025-07-25 12:51:03,026] INFO - Traitement du Chabbat de 2025-11-21
[2025-07-25 12:51:03,487] INFO - Ajouté : OrderedDict({'date': '2025-11-21', 'parasha': 'Toledot', 'allumage': '16:39', 'havdalah': '17:45'})
[2025-07-25 12:51:03,488] INFO - Traitement du Chabbat de 2025-11-28
[2025-07-25 12:51:03,914] INFO - Ajouté : OrderedDict({'date': '2025-11-28', 'parasha': 'Vayétsé', 'allumage': '16:34', 'havdalah': '17:42'})
[2025-07-25 12:51:03,915] INFO - Traitement du Chabbat de 2025-12-05
[2025-07-25 12:51:04,350] INFO - Ajouté : OrderedDict({'date': '2025-12-05', 'parasha': "Vayichla'h", 'allumage': '16:31', 'havdalah': '17:40'})
[2025-07-25 12:51:04,351] INFO - Traitement du Chabbat de 2025-12-12
[2025-07-25 12:51:04,789] INFO - Ajouté : OrderedDict({'date': '2025-12-12', 'parasha': 'Vayéchev', 'allumage': '16:31', 'havdalah': '17:40'})
[2025-07-25 12:51:04,789] INFO - Traitement du Chabbat de 2025-12-19
[2025-07-25 12:51:05,228] INFO - Ajouté : OrderedDict({'date': '2025-12-19', 'parasha': 'Mikets', 'allumage': '16:33', 'havdalah': '17:43'})
[2025-07-25 12:51:05,229] INFO - Traitement du Chabbat de 2025-12-26
[2025-07-25 12:51:05,678] INFO - Ajouté : OrderedDict({'date': '2025-12-26', 'parasha': 'Vayigach', 'allumage': '16:37', 'havdalah': '17:47'})
[2025-07-25 12:51:05,679] INFO - Traitement du Chabbat de 2026-01-02
[2025-07-25 12:51:06,116] INFO - Ajouté : OrderedDict({'date': '2026-01-02', 'parasha': "Vaye'hi", 'allumage': '16:42', 'havdalah': '17:52'})
[2025-07-25 12:51:06,116] INFO - Traitement du Chabbat de 2026-01-09
[2025-07-25 12:51:06,550] INFO - Ajouté : OrderedDict({'date': '2026-01-09', 'parasha': 'Chemot', 'allumage': '16:50', 'havdalah': '18:00'})
[2025-07-25 12:51:06,552] INFO - Traitement du Chabbat de 2026-01-16
[2025-07-25 12:51:06,993] INFO - Ajouté : OrderedDict({'date': '2026-01-16', 'parasha': 'Vaéra', 'allumage': '16:59', 'havdalah': '18:08'})
[2025-07-25 12:51:06,994] INFO - Traitement du Chabbat de 2026-01-23
[2025-07-25 12:51:07,446] INFO - Ajouté : OrderedDict({'date': '2026-01-23', 'parasha': 'Bo', 'allumage': '17:08', 'havdalah': '18:17'})
[2025-07-25 12:51:07,447] INFO - Traitement du Chabbat de 2026-01-30
[2025-07-25 12:51:07,886] INFO - Ajouté : OrderedDict({'date': '2026-01-30', 'parasha': "Bechala'h", 'allumage': '17:19', 'havdalah': '18:26'})
[2025-07-25 12:51:07,887] INFO - Traitement du Chabbat de 2026-02-06
[2025-07-25 12:51:08,329] INFO - Ajouté : OrderedDict({'date': '2026-02-06', 'parasha': 'Yitro', 'allumage': '17:29', 'havdalah': '18:36'})
[2025-07-25 12:51:08,329] INFO - Traitement du Chabbat de 2026-02-13
[2025-07-25 12:51:08,773] INFO - Ajouté : OrderedDict({'date': '2026-02-13', 'parasha': 'Michpatim', 'allumage': '17:40', 'havdalah': '18:45'})
[2025-07-25 12:51:08,773] INFO - Traitement du Chabbat de 2026-02-20
[2025-07-25 12:51:09,222] INFO - Ajouté : OrderedDict({'date': '2026-02-20', 'parasha': 'Terouma', 'allumage': '17:50', 'havdalah': '18:55'})
[2025-07-25 12:51:09,223] INFO - Traitement du Chabbat de 2026-02-27
[2025-07-25 12:51:09,660] INFO - Ajouté : OrderedDict({'date': '2026-02-27', 'parasha': 'Tetsavé', 'allumage': '18:00', 'havdalah': '19:05'})
[2025-07-25 12:51:09,660] INFO - Traitement du Chabbat de 2026-03-06
[2025-07-25 12:51:10,103] INFO - Ajouté : OrderedDict({'date': '2026-03-06', 'parasha': 'Ki-Tissa', 'allumage': '18:10', 'havdalah': '19:14'})
[2025-07-25 12:51:10,104] INFO - Traitement du Chabbat de 2026-03-13
[2025-07-25 12:51:10,549] INFO - Ajouté : OrderedDict({'date': '2026-03-13', 'parasha': 'Vayakhel - Pékoudé', 'allumage': '18:20', 'havdalah': '19:24'})
[2025-07-25 12:51:10,549] INFO - Traitement du Chabbat de 2026-03-20
[2025-07-25 12:51:10,988] INFO - Ajouté : OrderedDict({'date': '2026-03-20', 'parasha': 'Vayikra', 'allumage': '18:29', 'havdalah': '19:34'})
[2025-07-25 12:51:10,989] INFO - Traitement du Chabbat de 2026-03-27
[2025-07-25 12:51:11,428] INFO - Ajouté : OrderedDict({'date': '2026-03-27', 'parasha': 'Tsav', 'allumage': '18:39', 'havdalah': '19:44'})
[2025-07-25 12:51:11,429] INFO - Traitement du Chabbat de 2026-04-03
[2025-07-25 12:51:11,869] INFO - Ajouté : OrderedDict({'date': '2026-04-03', 'parasha': "Hol Hamoed Pessa'h", 'allumage': '19:48', 'havdalah': '20:54'})
[2025-07-25 12:51:11,869] INFO - Traitement du Chabbat de 2026-04-10
[2025-07-25 12:51:12,300] INFO - Ajouté : OrderedDict({'date': '2026-04-10', 'parasha': 'Chémini', 'allumage': '19:57', 'havdalah': '21:04'})
[2025-07-25 12:51:12,301] INFO - Traitement du Chabbat de 2026-04-17
[2025-07-25 12:51:12,739] INFO - Ajouté : OrderedDict({'date': '2026-04-17', 'parasha': 'Tazria - Metsora', 'allumage': '20:07', 'havdalah': '21:14'})
[2025-07-25 12:51:12,740] INFO - Traitement du Chabbat de 2026-04-24
[2025-07-25 12:51:13,191] INFO - Ajouté : OrderedDict({'date': '2026-04-24', 'parasha': "A'haré Mot - Kedochim", 'allumage': '20:16', 'havdalah': '21:25'})
[2025-07-25 12:51:13,191] INFO - Traitement du Chabbat de 2026-05-01
[2025-07-25 12:51:13,633] INFO - Ajouté : OrderedDict({'date': '2026-05-01', 'parasha': 'Emor', 'allumage': '20:25', 'havdalah': '21:36'})
[2025-07-25 12:51:13,635] INFO - Traitement du Chabbat de 2026-05-08
[2025-07-25 12:51:14,087] INFO - Ajouté : OrderedDict({'date': '2026-05-08', 'parasha': "Béhar - Bé'houkotaï", 'allumage': '20:34', 'havdalah': '21:46'})
[2025-07-25 12:51:14,087] INFO - Traitement du Chabbat de 2026-05-15
[2025-07-25 12:51:14,536] INFO - Ajouté : OrderedDict({'date': '2026-05-15', 'parasha': 'Bamidbar', 'allumage': '20:43', 'havdalah': '21:57'})
[2025-07-25 12:51:14,537] INFO - Traitement du Chabbat de 2026-05-22
[2025-07-25 12:51:14,978] INFO - Ajouté : OrderedDict({'date': '2026-05-22', 'parasha': '2e jour de Chavouot', 'allumage': '20:51', 'havdalah': '22:06'})
[2025-07-25 12:51:14,980] INFO - Traitement du Chabbat de 2026-05-29
[2025-07-25 12:51:15,422] INFO - Ajouté : OrderedDict({'date': '2026-05-29', 'parasha': 'Nasso', 'allumage': '20:58', 'havdalah': '22:15'})
[2025-07-25 12:51:15,423] INFO - Traitement du Chabbat de 2026-06-05
[2025-07-25 12:51:15,857] INFO - Ajouté : OrderedDict({'date': '2026-06-05', 'parasha': 'Béhaalotékha', 'allumage': '21:04', 'havdalah': '22:22'})
[2025-07-25 12:51:15,858] INFO - Traitement du Chabbat de 2026-06-12
[2025-07-25 12:51:16,288] INFO - Ajouté : OrderedDict({'date': '2026-06-12', 'parasha': "Chéla'h Lekha", 'allumage': '21:09', 'havdalah': '22:27'})
[2025-07-25 12:51:16,289] INFO - Traitement du Chabbat de 2026-06-19
[2025-07-25 12:51:16,756] INFO - Ajouté : OrderedDict({'date': '2026-06-19', 'parasha': "Kora'h", 'allumage': '21:12', 'havdalah': '22:30'})
[2025-07-25 12:51:16,757] INFO - Traitement du Chabbat de 2026-06-26
[2025-07-25 12:51:17,201] INFO - Ajouté : OrderedDict({'date': '2026-06-26', 'parasha': 'Houkat - Balak', 'allumage': '21:13', 'havdalah': '22:30'})
[2025-07-25 12:51:17,201] INFO - Traitement du Chabbat de 2026-07-03
[2025-07-25 12:51:17,640] INFO - Ajouté : OrderedDict({'date': '2026-07-03', 'parasha': "Pin'has", 'allumage': '21:12', 'havdalah': '22:28'})
[2025-07-25 12:51:17,659] INFO - Fichier shabbat_data.json sauvegardé avec 44 entrées
[2025-07-25 12:51:17,660] INFO - 127.0.0.1 - - [25/Jul/2025 12:51:17] "GET /shabbat?start=2025-08-31&end=2026-07-04&ville=genève HTTP/1.1" 200 -
[2025-07-25 13:06:32,119] INFO - Flask va démarrer sur le port 3000
[2025-07-25 13:06:32,210] INFO - [31m[1mWARNING: This is a development server. Do not use it in a production deployment. Use a production WSGI server instead.[0m
 * Running on http://127.0.0.1:3000
[2025-07-25 13:06:32,211] INFO - [33mPress CTRL+C to quit[0m
[2025-07-25 13:06:32,214] INFO -  * Restarting with stat
[2025-07-25 13:06:34,146] INFO - Flask va démarrer sur le port 3000
[2025-07-25 13:06:34,168] WARNING -  * Debugger is active!
[2025-07-25 13:06:34,184] INFO -  * Debugger PIN: 363-886-414
[2025-07-25 13:06:39,948] INFO - Requête reçue sur /shabbat
[2025-07-25 13:06:39,949] INFO - get_shabbat_times appelé avec start=2025-08-02, end=2026-09-27, geonameid=2660646
[2025-07-25 13:06:39,954] INFO - 60 vendredis trouvés entre 2025-08-02 et 2026-09-27
[2025-07-25 13:06:39,954] INFO - Traitement du Chabbat de 2025-08-08
[2025-07-25 13:06:40,411] INFO - Ajouté : OrderedDict({'date': '2025-08-08', 'parasha': 'Vaetchanan', 'allumage': '20:37', 'havdalah': '21:44'})
[2025-07-25 13:06:40,411] INFO - Traitement du Chabbat de 2025-08-15
[2025-07-25 13:06:40,861] INFO - Ajouté : OrderedDict({'date': '2025-08-15', 'parasha': 'Eikev', 'allumage': '20:26', 'havdalah': '21:32'})
[2025-07-25 13:06:40,862] INFO - Traitement du Chabbat de 2025-08-22
[2025-07-25 13:06:41,303] INFO - Ajouté : OrderedDict({'date': '2025-08-22', 'parasha': 'Re’eh', 'allumage': '20:14', 'havdalah': '21:18'})
[2025-07-25 13:06:41,304] INFO - Traitement du Chabbat de 2025-08-29
[2025-07-25 13:06:41,752] INFO - Ajouté : OrderedDict({'date': '2025-08-29', 'parasha': 'Shoftim', 'allumage': '20:01', 'havdalah': '21:04'})
[2025-07-25 13:06:41,752] INFO - Traitement du Chabbat de 2025-09-05
[2025-07-25 13:06:42,192] INFO - Ajouté : OrderedDict({'date': '2025-09-05', 'parasha': 'Ki-Tetsé', 'allumage': '19:48', 'havdalah': '20:50'})
[2025-07-25 13:06:42,192] INFO - Traitement du Chabbat de 2025-09-12
[2025-07-25 13:06:42,628] INFO - Ajouté : OrderedDict({'date': '2025-09-12', 'parasha': 'Ki-Tavo', 'allumage': '19:34', 'havdalah': '20:36'})
[2025-07-25 13:06:42,629] INFO - Traitement du Chabbat de 2025-09-19
[2025-07-25 13:06:43,084] INFO - Ajouté : OrderedDict({'date': '2025-09-19', 'parasha': 'Nitsavim', 'allumage': '19:20', 'havdalah': '20:21'})
[2025-07-25 13:06:43,084] INFO - Traitement du Chabbat de 2025-09-26
[2025-07-25 13:06:43,540] INFO - Ajouté : OrderedDict({'date': '2025-09-26', 'parasha': 'Vayélèkh', 'allumage': '19:06', 'havdalah': '20:07'})
[2025-07-25 13:06:43,542] INFO - Traitement du Chabbat de 2025-10-03
[2025-07-25 13:06:43,977] INFO - Ajouté : OrderedDict({'date': '2025-10-03', 'parasha': 'Haazinou', 'allumage': '18:53', 'havdalah': '19:54'})
[2025-07-25 13:06:43,977] INFO - Traitement du Chabbat de 2025-10-10
[2025-07-25 13:06:44,411] INFO - Ajouté : OrderedDict({'date': '2025-10-10', 'parasha': 'Hol Hamoed Souccot', 'allumage': '18:40', 'havdalah': '19:41'})
[2025-07-25 13:06:44,411] INFO - Traitement du Chabbat de 2025-10-17
[2025-07-25 13:06:44,846] INFO - Ajouté : OrderedDict({'date': '2025-10-17', 'parasha': 'Berechit', 'allumage': '18:27', 'havdalah': '19:28'})
[2025-07-25 13:06:44,846] INFO - Traitement du Chabbat de 2025-10-24
[2025-07-25 13:06:45,298] INFO - Ajouté : OrderedDict({'date': '2025-10-24', 'parasha': "Noa'h", 'allumage': '18:15', 'havdalah': '19:17'})
[2025-07-25 13:06:45,298] INFO - Traitement du Chabbat de 2025-10-31
[2025-07-25 13:06:45,737] INFO - Ajouté : OrderedDict({'date': '2025-10-31', 'parasha': 'Lekh Lékha', 'allumage': '17:04', 'havdalah': '18:07'})
[2025-07-25 13:06:45,738] INFO - Traitement du Chabbat de 2025-11-07
[2025-07-25 13:06:46,174] INFO - Ajouté : OrderedDict({'date': '2025-11-07', 'parasha': 'Vayéra', 'allumage': '16:54', 'havdalah': '17:58'})
[2025-07-25 13:06:46,175] INFO - Traitement du Chabbat de 2025-11-14
[2025-07-25 13:06:46,606] INFO - Ajouté : OrderedDict({'date': '2025-11-14', 'parasha': 'Hayé Sarah', 'allumage': '16:46', 'havdalah': '17:51'})
[2025-07-25 13:06:46,609] INFO - Traitement du Chabbat de 2025-11-21
[2025-07-25 13:06:47,040] INFO - Ajouté : OrderedDict({'date': '2025-11-21', 'parasha': 'Toledot', 'allumage': '16:39', 'havdalah': '17:45'})
[2025-07-25 13:06:47,041] INFO - Traitement du Chabbat de 2025-11-28
[2025-07-25 13:06:47,480] INFO - Ajouté : OrderedDict({'date': '2025-11-28', 'parasha': 'Vayétsé', 'allumage': '16:34', 'havdalah': '17:42'})
[2025-07-25 13:06:47,481] INFO - Traitement du Chabbat de 2025-12-05
[2025-07-25 13:06:47,917] INFO - Ajouté : OrderedDict({'date': '2025-12-05', 'parasha': "Vayichla'h", 'allumage': '16:31', 'havdalah': '17:40'})
[2025-07-25 13:06:47,917] INFO - Traitement du Chabbat de 2025-12-12
[2025-07-25 13:06:48,381] INFO - Ajouté : OrderedDict({'date': '2025-12-12', 'parasha': 'Vayéchev', 'allumage': '16:31', 'havdalah': '17:40'})
[2025-07-25 13:06:48,469] INFO - Traitement du Chabbat de 2025-12-19
[2025-07-25 13:06:48,911] INFO - Ajouté : OrderedDict({'date': '2025-12-19', 'parasha': 'Mikets', 'allumage': '16:33', 'havdalah': '17:43'})
[2025-07-25 13:06:48,912] INFO - Traitement du Chabbat de 2025-12-26
[2025-07-25 13:06:49,355] INFO - Ajouté : OrderedDict({'date': '2025-12-26', 'parasha': 'Vayigach', 'allumage': '16:37', 'havdalah': '17:47'})
[2025-07-25 13:06:49,356] INFO - Traitement du Chabbat de 2026-01-02
[2025-07-25 13:06:49,806] INFO - Ajouté : OrderedDict({'date': '2026-01-02', 'parasha': "Vaye'hi", 'allumage': '16:42', 'havdalah': '17:52'})
[2025-07-25 13:06:49,814] INFO - Traitement du Chabbat de 2026-01-09
[2025-07-25 13:06:50,240] INFO - Ajouté : OrderedDict({'date': '2026-01-09', 'parasha': 'Chemot', 'allumage': '16:50', 'havdalah': '18:00'})
[2025-07-25 13:06:50,243] INFO - Traitement du Chabbat de 2026-01-16
[2025-07-25 13:06:50,696] INFO - Ajouté : OrderedDict({'date': '2026-01-16', 'parasha': 'Vaéra', 'allumage': '16:59', 'havdalah': '18:08'})
[2025-07-25 13:06:50,696] INFO - Traitement du Chabbat de 2026-01-23
[2025-07-25 13:06:51,144] INFO - Ajouté : OrderedDict({'date': '2026-01-23', 'parasha': 'Bo', 'allumage': '17:08', 'havdalah': '18:17'})
[2025-07-25 13:06:51,146] INFO - Traitement du Chabbat de 2026-01-30
[2025-07-25 13:06:51,580] INFO - Ajouté : OrderedDict({'date': '2026-01-30', 'parasha': "Bechala'h", 'allumage': '17:19', 'havdalah': '18:26'})
[2025-07-25 13:06:51,581] INFO - Traitement du Chabbat de 2026-02-06
[2025-07-25 13:06:52,018] INFO - Ajouté : OrderedDict({'date': '2026-02-06', 'parasha': 'Yitro', 'allumage': '17:29', 'havdalah': '18:36'})
[2025-07-25 13:06:52,019] INFO - Traitement du Chabbat de 2026-02-13
[2025-07-25 13:06:52,462] INFO - Ajouté : OrderedDict({'date': '2026-02-13', 'parasha': 'Michpatim', 'allumage': '17:40', 'havdalah': '18:45'})
[2025-07-25 13:06:52,462] INFO - Traitement du Chabbat de 2026-02-20
[2025-07-25 13:06:52,895] INFO - Ajouté : OrderedDict({'date': '2026-02-20', 'parasha': 'Terouma', 'allumage': '17:50', 'havdalah': '18:55'})
[2025-07-25 13:06:52,895] INFO - Traitement du Chabbat de 2026-02-27
[2025-07-25 13:06:53,350] INFO - Ajouté : OrderedDict({'date': '2026-02-27', 'parasha': 'Tetsavé', 'allumage': '18:00', 'havdalah': '19:05'})
[2025-07-25 13:06:53,350] INFO - Traitement du Chabbat de 2026-03-06
[2025-07-25 13:06:53,783] INFO - Ajouté : OrderedDict({'date': '2026-03-06', 'parasha': 'Ki-Tissa', 'allumage': '18:10', 'havdalah': '19:14'})
[2025-07-25 13:06:53,783] INFO - Traitement du Chabbat de 2026-03-13
[2025-07-25 13:06:54,220] INFO - Ajouté : OrderedDict({'date': '2026-03-13', 'parasha': 'Vayakhel - Pékoudé', 'allumage': '18:20', 'havdalah': '19:24'})
[2025-07-25 13:06:54,221] INFO - Traitement du Chabbat de 2026-03-20
[2025-07-25 13:06:54,645] INFO - Ajouté : OrderedDict({'date': '2026-03-20', 'parasha': 'Vayikra', 'allumage': '18:29', 'havdalah': '19:34'})
[2025-07-25 13:06:54,646] INFO - Traitement du Chabbat de 2026-03-27
[2025-07-25 13:06:55,083] INFO - Ajouté : OrderedDict({'date': '2026-03-27', 'parasha': 'Tsav', 'allumage': '18:39', 'havdalah': '19:44'})
[2025-07-25 13:06:55,085] INFO - Traitement du Chabbat de 2026-04-03
[2025-07-25 13:06:55,536] INFO - Ajouté : OrderedDict({'date': '2026-04-03', 'parasha': "Hol Hamoed Pessa'h", 'allumage': '19:48', 'havdalah': '20:54'})
[2025-07-25 13:06:55,537] INFO - Traitement du Chabbat de 2026-04-10
[2025-07-25 13:06:55,982] INFO - Ajouté : OrderedDict({'date': '2026-04-10', 'parasha': 'Chémini', 'allumage': '19:57', 'havdalah': '21:04'})
[2025-07-25 13:06:55,984] INFO - Traitement du Chabbat de 2026-04-17
[2025-07-25 13:06:56,425] INFO - Ajouté : OrderedDict({'date': '2026-04-17', 'parasha': 'Tazria - Metsora', 'allumage': '20:07', 'havdalah': '21:14'})
[2025-07-25 13:06:56,426] INFO - Traitement du Chabbat de 2026-04-24
[2025-07-25 13:06:56,873] INFO - Ajouté : OrderedDict({'date': '2026-04-24', 'parasha': "A'haré Mot - Kedochim", 'allumage': '20:16', 'havdalah': '21:25'})
[2025-07-25 13:06:56,875] INFO - Traitement du Chabbat de 2026-05-01
[2025-07-25 13:06:57,318] INFO - Ajouté : OrderedDict({'date': '2026-05-01', 'parasha': 'Emor', 'allumage': '20:25', 'havdalah': '21:36'})
[2025-07-25 13:06:57,319] INFO - Traitement du Chabbat de 2026-05-08
[2025-07-25 13:06:57,762] INFO - Ajouté : OrderedDict({'date': '2026-05-08', 'parasha': "Béhar - Bé'houkotaï", 'allumage': '20:34', 'havdalah': '21:46'})
[2025-07-25 13:06:57,764] INFO - Traitement du Chabbat de 2026-05-15
[2025-07-25 13:06:58,203] INFO - Ajouté : OrderedDict({'date': '2026-05-15', 'parasha': 'Bamidbar', 'allumage': '20:43', 'havdalah': '21:57'})
[2025-07-25 13:06:58,204] INFO - Traitement du Chabbat de 2026-05-22
[2025-07-25 13:06:58,655] INFO - Ajouté : OrderedDict({'date': '2026-05-22', 'parasha': '2e jour de Chavouot', 'allumage': '20:51', 'havdalah': '22:06'})
[2025-07-25 13:06:58,656] INFO - Traitement du Chabbat de 2026-05-29
[2025-07-25 13:06:59,096] INFO - Ajouté : OrderedDict({'date': '2026-05-29', 'parasha': 'Nasso', 'allumage': '20:58', 'havdalah': '22:15'})
[2025-07-25 13:06:59,097] INFO - Traitement du Chabbat de 2026-06-05
[2025-07-25 13:06:59,534] INFO - Ajouté : OrderedDict({'date': '2026-06-05', 'parasha': 'Béhaalotékha', 'allumage': '21:04', 'havdalah': '22:22'})
[2025-07-25 13:06:59,535] INFO - Traitement du Chabbat de 2026-06-12
[2025-07-25 13:06:59,969] INFO - Ajouté : OrderedDict({'date': '2026-06-12', 'parasha': "Chéla'h Lekha", 'allumage': '21:09', 'havdalah': '22:27'})
[2025-07-25 13:06:59,970] INFO - Traitement du Chabbat de 2026-06-19
[2025-07-25 13:07:00,407] INFO - Ajouté : OrderedDict({'date': '2026-06-19', 'parasha': "Kora'h", 'allumage': '21:12', 'havdalah': '22:30'})
[2025-07-25 13:07:00,408] INFO - Traitement du Chabbat de 2026-06-26
[2025-07-25 13:07:00,841] INFO - Ajouté : OrderedDict({'date': '2026-06-26', 'parasha': 'Houkat - Balak', 'allumage': '21:13', 'havdalah': '22:30'})
[2025-07-25 13:07:00,842] INFO - Traitement du Chabbat de 2026-07-03
[2025-07-25 13:07:01,281] INFO - Ajouté : OrderedDict({'date': '2026-07-03', 'parasha': "Pin'has", 'allumage': '21:12', 'havdalah': '22:28'})
[2025-07-25 13:07:01,282] INFO - Traitement du Chabbat de 2026-07-10
[2025-07-25 13:07:01,709] INFO - Ajouté : OrderedDict({'date': '2026-07-10', 'parasha': 'Matot-Masei', 'allumage': '21:09', 'havdalah': '22:24'})
[2025-07-25 13:07:01,710] INFO - Traitement du Chabbat de 2026-07-17
[2025-07-25 13:07:02,166] INFO - Ajouté : OrderedDict({'date': '2026-07-17', 'parasha': 'Devarim', 'allumage': '21:04', 'havdalah': '22:17'})
[2025-07-25 13:07:02,167] INFO - Traitement du Chabbat de 2026-07-24
[2025-07-25 13:07:02,605] INFO - Ajouté : OrderedDict({'date': '2026-07-24', 'parasha': 'Vaetchanan', 'allumage': '20:57', 'havdalah': '22:08'})
[2025-07-25 13:07:02,607] INFO - Traitement du Chabbat de 2026-07-31
[2025-07-25 13:07:03,051] INFO - Ajouté : OrderedDict({'date': '2026-07-31', 'parasha': 'Eikev', 'allumage': '20:49', 'havdalah': '21:58'})
[2025-07-25 13:07:03,052] INFO - Traitement du Chabbat de 2026-08-07
[2025-07-25 13:07:03,497] INFO - Ajouté : OrderedDict({'date': '2026-08-07', 'parasha': 'Re’eh', 'allumage': '20:39', 'havdalah': '21:46'})
[2025-07-25 13:07:03,497] INFO - Traitement du Chabbat de 2026-08-14
[2025-07-25 13:07:03,948] INFO - Ajouté : OrderedDict({'date': '2026-08-14', 'parasha': 'Shoftim', 'allumage': '20:28', 'havdalah': '21:34'})
[2025-07-25 13:07:03,950] INFO - Traitement du Chabbat de 2026-08-21
[2025-07-25 13:07:04,379] INFO - Ajouté : OrderedDict({'date': '2026-08-21', 'parasha': 'Ki-Tetsé', 'allumage': '20:16', 'havdalah': '21:20'})
[2025-07-25 13:07:04,380] INFO - Traitement du Chabbat de 2026-08-28
[2025-07-25 13:07:04,805] INFO - Ajouté : OrderedDict({'date': '2026-08-28', 'parasha': 'Ki-Tavo', 'allumage': '20:03', 'havdalah': '21:07'})
[2025-07-25 13:07:04,806] INFO - Traitement du Chabbat de 2026-09-04
[2025-07-25 13:07:05,241] INFO - Ajouté : OrderedDict({'date': '2026-09-04', 'parasha': 'Nitzavim-Vayeilech', 'allumage': '19:50', 'havdalah': '20:52'})
[2025-07-25 13:07:05,242] INFO - Traitement du Chabbat de 2026-09-11
[2025-07-25 13:07:05,679] WARNING - Incomplet pour 2026-09-11 : allumage=19:37, havdalah=None, parasha=Rosh Hashana 5787
[2025-07-25 13:07:05,680] INFO - Traitement du Chabbat de 2026-09-18
[2025-07-25 13:07:06,121] INFO - Ajouté : OrderedDict({'date': '2026-09-18', 'parasha': 'Haazinou', 'allumage': '19:23', 'havdalah': '20:24'})
[2025-07-25 13:07:06,121] INFO - Traitement du Chabbat de 2026-09-25
[2025-07-25 13:07:06,576] WARNING - Incomplet pour 2026-09-25 : allumage=19:09, havdalah=None, parasha=1er jour de Souccot
[2025-07-25 13:07:06,578] INFO - Fichier shabbat_data.json sauvegardé avec 58 entrées
[2025-07-25 13:07:06,580] INFO - 127.0.0.1 - - [25/Jul/2025 13:07:06] "GET /shabbat?start=2025-08-02&end=2026-09-27&ville=genève HTTP/1.1" 200 -
[2025-07-25 13:13:15,316] INFO -  * Detected change in 'D:\\Dropbox\\GitHub\\Agenda_Elodie\\app_combined_excel.py', reloading
[2025-07-25 13:13:16,035] INFO -  * Restarting with stat
